Route,Name,Grade,FA,Country,Area,Date,Suggested Grade,Link,Notes,Birthday,Height (m)
Asagimadara,Adam Ondra,15,,Japan,Mizugaki,03/16/2016,15,,,02/05/1993,1.86
Brutal Rider,Adam Ondra,16,,Czech Republic,Sloup,05/25/2020,16,,,02/05/1993,1.86
Cháron,Adam Ondra,15,FA,Czech Republic,Petrohrad,10/15/2011,15,,,02/05/1993,1.86
Drift,Adam Ondra,15,FA,Czech Republic,Holstejn,10/08/2017,15,,,02/05/1993,1.86
From Dirt Grows the Flowers,Adam Ondra,15,,Switzerland,Ticino,11/30/2010,15,,,02/05/1993,1.86
Ghost Rider,Adam Ondra,15,,Czech Republic,Moravský kras,09/24/2019,15,,,02/05/1993,1.86
Gioia,Adam Ondra,16,,Italy,Varazze,12/6/2011,16,,,02/05/1993,1.86
Iceberg,Adam Ondra,15,,Czech Republic,Moravský kras,4/23/2020,15,,,02/05/1993,1.86
Kráter,Adam Ondra,15,FA,Czech Republic,Holstejn,06/24/2017,15,,,02/05/1993,1.86
Ledoborec,Adam Ondra,16,,Czech Republic,Moravský kras,05/24/2020,16,,,02/05/1993,1.86
Monkey Wedding,Adam Ondra,15,,South Africa,Rocklands,08/14/2011,15,,,02/05/1993,1.86
Nunavut,Adam Ondra,15,FA,Czech Republic,Moravský kras,11/14/2019,15,,,02/05/1993,1.86
Pata Ledovce,Adam Ondra,15,FA,Czech Republic,Holstejn,09/06/2011,15,,,02/05/1993,1.86
Practice of the Wild,Adam Ondra,15,,Switzerland,Magic Wood,10/1/2011,15,,,02/05/1993,1.86
Pučmeloun,Adam Ondra,15,FA,Czech Republic,Moravský kras,11/14/2019,14,,,02/05/1993,1.86
Tekuté Štěstí,Adam Ondra,15,,Czech Republic,Moravský kras,06/24/2018,15,,,02/05/1993,1.86
Terranova,Adam Ondra,16,FA,Czech Republic,Holstejn,11/10/2011,16,,,02/05/1993,1.86
Vrtule,Adam Ondra,15,FA,Czech Republic,Holstejn,10/13/2017,15,,,02/05/1993,1.86
Leopold Von Pooch,Aiden Roberts,15,FA,United Kingdom,Lake District,,15,,,01/01/1999,
Monkey Wedding,Aiden Roberts,15,,South Africa,Rocklands,08/13/2018,,,,01/01/1999,
Outliers,Aiden Roberts,15,FA,United Kingdom,Lake District,8/26/2020,15,,,01/01/1999,
Railway,Aiden Roberts,15,FA,United States,Boulder/CO,06/18/2019,15,,,01/01/1999,
Superpower,Aiden Roberts,15.5,FA,United Kingdom,Lake District,09/16/2020,15.5,,,01/01/1999,
Babel,Akira Waku,15,,Japan,Shiobara,03/02/2018,15,https://www.up-climbing.com/it/boulder/news/34930,,,
Alchimiste (right),Alban Levier,15,,France,Fontainebleau,01/28/2016,15,https://www.facebook.com/alban.levier/videos/121958498186715/,,,
Quoi de Neuf,Alban Levier,15,,France,Fontainebleau,12/20/2015,,,,,
Satan i Helvete (broken),Alban Levier,15,,France,Fontainebleau,02/25/2016,,,,,
Airian,Alberto Rocasolano,15,,Spain,Baltzola,06/06/2016,15,,,01/01/1992,
Catalan Witness the Fitness,Alberto Rocasolano,15,,Spain,Cova de l'Ocell,12/5/2013,,,,01/01/1992,
Crisis,Alberto Rocasolano,15.5,,Spain,Crevillente,01/16/2017,,,,01/01/1992,
El Indomable,Alberto Rocasolano,15.5,FA,Spain,Tamajon,10/19/2017,,,,01/01/1992,
Entropia,Alberto Rocasolano,15,,Spain,Castillo de Bayuela,03/14/2016,,,,01/01/1992,
Eterno Legado,Alberto Rocasolano,15,FA,Spain,Hoya Moros,09/24/2019,,,,01/01/1992,
Hipoxia,Alberto Rocasolano,15,FA,Spain,Navalosa,03/04/2018,,,,01/01/1992,
Kaisen,Alberto Rocasolano,15.5,FA,Spain,Madrid,10/07/2016,16,,,01/01/1992,
Papa Oso,Alberto Rocasolano,15,FA,Spain,Torrelodones,12/01/2017,,,,01/01/1992,
Soyuz (low),Alberto Rocasolano,15,FA,Spain,Madrid,04/12/2013,,,,01/01/1992,
Trinity,Alberto Rocasolano,15,FA,Spain,Peixcave,09/01/2017,,,,01/01/1992,
Wheel Of Life,Alex Barrows,15,,Australia,Grampians,6/6/2016,,,,,
Dreamtime (post break),Alex Khazanov,15,,Switzerland,Ticino,10/11/2021,15,,,03/02/1995,1.73
Monkey Wedding,Alex Khazanov,15,,South Africa,Rocklands,07/06/2017,15,,,03/02/1995,1.73
Practice of the Wild,Alex Khazanov,15,,Switzerland,Magic Wood,09/09/2017,15,,,03/02/1995,1.73
Story Of Two Worlds,Alex Khazanov,15,,Switzerland,Ticino,01/03/2018,15,,,03/02/1995,1.73
"Finnish Line, The",Alex Megos,15,,South Africa,Rocklands,07/24/2017,,,,08/12/1993,1.7
Lucid Dreaming,Alex Megos,15,,United States,Bishop,03/13/2015,,https://youtu.be/EdMsY5st2J8,,08/12/1993,1.7
Monkey Wedding,Alex Megos,15,,South Africa,Rocklands,07/10/2017,,,Sent in 30 mins,08/12/1993,1.7
Orochi,Alex Megos,15,,Japan,Kanoto,03/23/2015,,,,08/12/1993,1.7
Upgrade U,Alex Megos,15,FA,Germany,Frankenjura,07/09/2020,,,,08/12/1993,1.7
Wheel Of Life,Alex Megos,15,,Australia,Grampians,07/16/2013,,https://vimeo.com/77530492,,08/12/1993,1.7
Wrath of the Lichking,Alex Megos,15,,Germany,Frankenjura,,,,,08/12/1993,1.7
Frozen Water,Alexander Feichter,15,FA,Italy,Gais,4/6/2018,15,,,,
Mystical Patatohead's Direct Edge,Alexander Feichter,15,FA,Italy,Gais,10/28/2016,15,,,,
Minimalomania,Alexander Rohr,15.5,,Switzerland,Interlaken,10/14/2020,16,,,,
From Dirt Grows the Flowers,Alexey Rubtsov,15,,Switzerland,Ticino,01/09/2017,15,,,08/05/1988,1.78
Low priora,Alexey Rubtsov,15.5,,Russia,Djan-tugan,08/21/2021,16,,,08/05/1988,1.78
Whiplash,Alexey Rubtsov,15,FA,Russia,Lietlahti Park,10/26/2017,15,,,08/05/1988,1.78
Sierra Madre,Alfons Dornauer,15,,Austria,Zillertal,5/29/2018,15,,,,
Terminator,Ali Baratzabeh,15,,Iran,keshar e sofla,,,,,,
Creature from the Black Lagoon,"Andy ""Peter Satt"" Lamb",16,,United States,RMNP,08/18/2021,16,,,01/01/1994,
Delirium,"Andy ""Peter Satt"" Lamb",15,,United States,Lincoln Lake,06/30/2021,15,,,01/01/1994,
"Nest, The","Andy ""Peter Satt"" Lamb",15,,United States,Red Rock,02/11/2021,15,,,01/01/1994,
Paint it Black,"Andy ""Peter Satt"" Lamb",15,,United States,RMNP,03/17/2020,15,,,01/01/1994,
Silver Lining,Andy Gullsten,15,FA,Finland,,04/17/2020,,,,,1.76
Big Island,Anthony Gullsten,15,,France,Fontainebleau,03/21/2018,,,,,1.76
Practice of the Wild,Anthony Gullsten,15,,Switzerland,Magic Wood,08/22/2014,,,,,1.76
Longue promesse,Antoine Girard,15,,France,pertuis,04/07/2021,15,,,,
Quoi de Neuf,Antoine Maire,15,,France,Fontainebleau,10/06/2020,15,,,,
Tonino 78,Antoine Vandeputte,15.5,,Italy,Meschia,05/07/2005,15,,,,
Big Island,Arjan de Kock,15,,France,Fontainebleau,04/13/2012,,,,,
Whiplash,Artem Petrakov,15,,Russia,Lietlahti Park,05/20/2018,15,,,,
Dreamtime (post break),Austin Purdy,15,,Switzerland,Ticino,01/16/2022,15,,,,
Paint it Black,Austin Purdy,15,,United States,RMNP,11/10/2021,15,,,,
Story Of Two Worlds,Austin Purdy,15,,Switzerland,Ticino,01/01/2020,15,,,,
Practice of the Wild,Baptiste Ometz,15,,Switzerland,Magic Wood,10/01/2016,,,,,
Blade Runner,Ben Burkhalter,15,,United States,RMNP,07/25/2019,15,,,,
Wheel Of Life,Benjamin Cossey,15,,Australia,Grampians,10/30/2011,,,,,
Dust Devil,Bern Schwaiger,15,FA,Austria,Innsbruck,4/15/2009,15,,,09/23/1975,1.72
Hurricane,Bern Schwaiger,15,FA,Austria,Birgkar,06/14/2009,15,,,09/23/1975,1.72
Ice Storm,Bern Schwaiger,15,FA,Austria,Großarltal,02/07/2015,15,,,09/23/1975,1.72
Pipe Dream SD,Bern Schwaiger,15,FA,Austria,Innsbruck,02/09/2010,15,,,09/23/1975,1.72
Sound of Silence,Bern Schwaiger,15,FA,Austria,Innsbruck,12/30/2016,15,,,09/23/1975,1.72
Whirlwind,Bern Schwaiger,15,FA,Austria,Innsbruck,10/26/2010,15,,,09/23/1975,1.72
Wings of an Eagle,Bern Schwaiger,15,FA,Austria,Innsbruck,5/24/2020,15,,,09/23/1975,1.72
Zephyr,Bern Schwaiger,15,FA,Austria,Großarltal,03/14/2015,15,,,09/23/1975,1.72
Zunami,Bern Schwaiger,15,FA,Austria,Innsbruck,12/06/2003,15,,,09/23/1975,1.72
From Dirt Grows the Flowers,Bernd Zangerl,15,,Switzerland,Ticino,03/17/2009,,,,,
Viva evolution,Bernd Zangerl,15,FA,Austria,Flirsch,09/24/2002,15,,,,
Force,Camil Courdet,16,FA,France,Fontainebleau,05/01/2019,,https://youtu.be/lq467OuFZ2k,,,
Creature from the Black Lagoon,Carlo Traversi,16,,United States,RMNP,07/24/2020,16,,,06/05/1988,1.7
Dreamtime (post break),Carlo Traversi,15,,Switzerland,Ticino,03/13/2020,15,,,06/05/1988,1.7
Equanimity,Carlo Traversi,15,FA,United States,Tahoe,11/3/2020,15,,,06/05/1988,1.7
"Game, The",Carlo Traversi,15,,United States,Boulder Canyon,03/13/2011,15,,,06/05/1988,1.7
In Search of Time Lost,Carlo Traversi,15,,Switzerland,Magic Wood,10/19/2012,15,,,06/05/1988,1.7
Kingdom,Carlo Traversi,15,FA,Switzerland,Ticino,03/31/2013,15,,,06/05/1988,1.7
Outer Limits,Carlo Traversi,15,,United States,Donner summit,05/10/2019,15,,,06/05/1988,1.7
Practice of the Wild,Carlo Traversi,15,,Switzerland,Magic Wood,10/23/2012,15,,,06/05/1988,1.7
Squoze,Carlo Traversi,15,,United States,Red Rock,3/9/2019,15,,,06/05/1988,1.7
Story Of Two Worlds,Carlo Traversi,15,,Switzerland,Ticino,03/25/2013,15,,,06/05/1988,1.7
Lemento sit,Carlos Ruano,15,FA,Spain,Pedriza,03/30/2019,15,,,,
Paralisis Espastica,Cesar Quero,15,FA,Spain,Madrid,07/01/2017,15,,,,
Soyuz (low),Cesar Quero,15,,Spain,Madrid,12/26/2016,15,,,,
Voluptueuse Fantaisie,Cesar Quero,15,,France,Fontainebleau,09/11/2017,15,,,,
Delire Onirique (assis),Charles Albert,15,FA,France,Fontainebleau,01/09/2017,,,,01/01/1998,1.76
Harder Better Faster,Charles Albert,15,FA,Switzerland,,01/08/2020,,,,01/01/1998,1.76
Hypothese Assis,Charles Albert,16,FA,France,Fontainebleau,12/8/2018,,,,01/01/1998,1.76
Monkey Wedding,Charles Albert,15,,South Africa,Rocklands,07/16/2017,,https://www.youtube.com/watch?v=WWoTtjQi4y8,,01/01/1998,1.76
No Kpote Only,Charles Albert,15,FA,France,Fontainebleau,01/18/2019,17,,,01/01/1998,1.76
"Pied a Coulisse, Le",Charles Albert,15,,France,Fontainebleau,02/15/2016,,,,01/01/1998,1.76
"Revolutionnaire Extension, La",Charles Albert,16,FA,France,Fontainebleau,11/10/2017,,,,01/01/1998,1.76
"Revolutionnaire, La",Charles Albert,15,FA,France,Fontainebleau,12/10/2016,,,,01/01/1998,1.76
Big Island,Chris Schulte,15,,France,Fontainebleau,02/01/2013,,,,,
Catalan Witness the Fitness,Chris Sharma,15,FA,Spain,Cova de l'Ocell,02/08/2016,,,,04/23/1981,1.84
Practice of the Wild,Chris Sharma,15,FA,Switzerland,Magic Wood,8/1/2004,15,,,04/23/1981,1.84
Witness the Fitness (broken),Chris Sharma,15,FA,United States,Ozark Mountains,03/01/2005,,,,04/23/1981,1.84
Believe in two,Chris Webb Parsons,15,FA,Switzerland,Magic Wood,10/16/2010,14,,,04/02/1985,1.78
Belly Of Beast,Chris Webb Parsons,15,FA,United Kingdom,Peak District,11/08/2013,14,,,04/02/1985,1.78
Desperanza,Chris Webb Parsons,15,,United States,Hueco Tanks,02/01/2012,14,,,04/02/1985,1.78
Insanity of Grandeur,Chris Webb Parsons,15,,Switzerland,Ticino,12/20/2013,14,,,04/02/1985,1.78
Progressive Aggression,Chris Webb Parsons,15,FA,Australia,Crumbly,08/04/2008,15,,,04/02/1985,1.78
Wheel Of Life,Chris Webb Parsons,15,,Australia,Grampians,10/13/2007,15,,,04/02/1985,1.78
Gioia,Christian Core,16,FA,Italy,Varazze,01/01/2008,,https://vimeo.com/71151970,"Historic - proposed first V16, lots of debate over chipping, gluing, etc.: https://www.reddit.com/r/bouldering/comments/9kxbpr/what_was_the_first_v16_in_the_world/",10/05/1974,1.77
Kimera,Christian Core,15,FA,Italy,Rifugio Barbara,01/01/2006,,https://youtu.be/QqcvQYqoSZg,,10/05/1974,1.77
Bokassa's Frigde - Assassin Monkey and Man,Christof Rauch,15,,Germany,Kochel,02/01/2019,15,,,05/13/1994,1.7
Carinthian Dreams,Christof Rauch,15,FA,Austria,Kärnten,05/25/2017,15,,,05/13/1994,1.7
Der mit dem Fels tanzt,Christof Rauch,15,,Switzerland,Ticino,12/29/2018,15,,,05/13/1994,1.7
Dust Devil,Christof Rauch,15,,Austria,Saalachtal,11/14/2018,14,,,05/13/1994,1.7
From Dirt Grows the Flowers,Christof Rauch,15,,Switzerland,Ticino,01/26/2019,15,,,05/13/1994,1.7
grosse Tarlouze,Christof Rauch,15,,Switzerland,Magic Wood,05/30/2019,15,,,05/13/1994,1.7
Iron Knuckles,Christof Rauch,15,FA,Austria,Kärnten,05/14/2017,15,,,05/13/1994,1.7
Sierra Madre,Christof Rauch,15,,Austria,Zillertal,11/24/2019,15,,,05/13/1994,1.7
Stil vor Talent,Christof Rauch,15,,Switzerland,Magic Wood,10/30/2021,15,,,05/13/1994,1.7
Story Of Two Worlds,Christof Rauch,15,,Switzerland,Ticino,01/28/2018,15,,low,05/13/1994,1.7
Styrian Delirium,Christof Rauch,15,FA,Austria,Weststeiermark,05/21/2017,15,,,05/13/1994,1.7
Total Blackout,Christof Rauch,15,FA,Austria,Innsbruck,04/25/2020,15,,,05/13/1994,1.7
Zunami,Christof Rauch,15,,Austria,Innsbruck,11/4/2017,15,,,05/13/1994,1.7
Crystal Ship,Clement Lechaptois,15,,Switzerland,Ticino,1/10/2021,15,,,04/12/1993,1.7
Foundation's Edge,Clement Lechaptois,15,,Switzerland,Fionnay,10/23/2019,15,,,04/12/1993,1.7
Malediction assis,Clement Lechaptois,15,FA,France,Riouperoux,03/12/2018,,,,04/12/1993,1.7
Roadkill,Clement Lechaptois,15,,Switzerland,Valle Bavona,12/6/2021,15,,,04/12/1993,1.7
Solitary daze,Clement Lechaptois,15,FA,Switzerland,Fionnay,09/29/2021,15,,,04/12/1993,1.7
Understanding,Clement Lechaptois,15,,Switzerland,Magic Wood,11/11/2020,15,,,04/12/1993,1.7
Big Island,Coudert Camille,15,,France,Fontainebleau,02/10/2020,15,,,08/12/1995,1.77
Force,Coudert Camille,16,,France,Fontainebleau,5/7/2019,16,,,08/12/1995,1.77
FORCE OBSCURE,Coudert Camille,15,FA,France,Fontainebleau,07/04/2020,15,,,08/12/1995,1.77
Quoi de Neuf,Coudert Camille,15,,France,Fontainebleau,5/22/2019,15,,,08/12/1995,1.77
Angama,Dai Koyamada,15,FA,France,Fontainebleau,10/24/2006,15,,,08/23/1976,1.65
Arobayo,Dai Koyamada,15,FA,Japan,Yakushima,01/01/2018,15,,,08/23/1976,1.65
Babel,Dai Koyamada,15,FA,Japan,Shiobara,01/31/2007,15,,,08/23/1976,1.65
Bongo,Dai Koyamada,15,FA,Germany,Frankenjura,10/28/2007,15,,,08/23/1976,1.65
Byaku-dou,Dai Koyamada,15,FA,Japan,Hourai,11/11/2003,15,,,08/23/1976,1.65
Der mit dem Fels tanzt,Dai Koyamada,15,,Switzerland,Ticino,10/28/2012,15,,,08/23/1976,1.65
Epitaph,Dai Koyamada,15,FA,Japan,Hourai,01/20/2009,,,,08/23/1976,1.65
Eternal,Dai Koyamada,15,FA,Japan,Hinokage,01/05/2013,,,,08/23/1976,1.65
From Dirt Grows the Flowers,Dai Koyamada,15,,Switzerland,Ticino,11/21/2012,15,,left,08/23/1976,1.65
Gekirin,Dai Koyamada,15,FA,Japan,Ryutosen,01/01/2018,,,,08/23/1976,1.65
Horizon,Dai Koyamada,15,FA,Japan,Mt. Hiei,05/14/2015,,,,08/23/1976,1.65
Hull Shea Nation,Dai Koyamada,15,FA,Japan,Hourai,03/29/2017,,,,08/23/1976,1.65
Hydrangea,Dai Koyamada,15,FA,Japan,Shiobara,04/22/2005,15,,,08/23/1976,1.65
Hyper ballad,Dai Koyamada,15,FA,Japan,Shiobara,03/31/2006,15,,,08/23/1976,1.65
In Search of Time Lost,Dai Koyamada,15,,Switzerland,Magic Wood,08/30/2011,,,,08/23/1976,1.65
Insanity of Grandeur,Dai Koyamada,15,,Switzerland,Ticino,11/21/2012,15,,,08/23/1976,1.65
Karamu,Dai Koyamada,15,FA,Japan,,04/29/2020,,,,08/23/1976,1.65
Methuselahzation,Dai Koyamada,15,FA,Unknown,Yatsue,02/08/2004,15,,,08/23/1976,1.65
Montecore,Dai Koyamada,15,,Germany,Frankenjura,10/14/2007,15,,,08/23/1976,1.65
Nayuta,Dai Koyamada,16,FA,Japan,Gero,04/12/2017,,,,08/23/1976,1.65
Ochimizu,Dai Koyamada,15.5,FA,Japan,,11/26/2020,,,,08/23/1976,1.65
Orochi,Dai Koyamada,15,FA,Japan,Kanoto,11/22/2006,15,,,08/23/1976,1.65
Rokudo,Dai Koyamada,15,FA,Japan,Toyamagawa,03/26/2016,,,,08/23/1976,1.65
Sleepy Rave,Dai Koyamada,15,FA,Australia,Grampians,04/15/2004,15,,,08/23/1976,1.65
Story Of Two Worlds,Dai Koyamada,15,,Switzerland,Ticino,05/13/2010,,https://vimeo.com/43727285,sit,08/23/1976,1.65
Uma,Dai Koyamada,15,FA,Japan,Shiobara,05/26/2005,14,,,08/23/1976,1.65
Vanitas,Dai Koyamada,15,FA,Japan,Hourai,02/10/2014,,,,08/23/1976,1.65
Wheel Of Life,Dai Koyamada,15,FA,Australia,Grampians,05/12/2004,16,,,08/23/1976,1.65
Yocuto,Dai Koyamada,15,FA,Japan,Gero,10/31/2017,,,,08/23/1976,1.65
Creature from the Black Lagoon,Daisuke Ichimiya,16,,United States,RMNP,09/15/2017,16,,,12/23/1993,1.62
"Finnish Line, The",Daisuke Ichimiya,15,,South Africa,Rocklands,08/01/2018,,https://www.instagram.com/p/Bm1xFpkjJlo/,,12/23/1993,1.62
Gekirin,Daisuke Ichimiya,15,,Japan,Ryutosen,3/11/2018,15,,,12/23/1993,1.62
Horizon,Daisuke Ichimiya,15,,Japan,Mt. Hiei,01/13/2017,15,,,12/23/1993,1.62
shambala,Daisuke Ichimiya,15,,Japan,Toyota,12/31/2014,15,,,12/23/1993,1.62
Vanitas,Daisuke Ichimiya,15,,Japan,Hourai,03/28/2016,15,,,12/23/1993,1.62
Terremer,Dan Beall,15,,United States,Hueco Tanks,01/22/2013,,,,,
trave de arroita,Dani Andrada,16,FA,Spain,Baltzola,6/12/2006,16,,,,
4-Low,Daniel Woods,15,FA,Switzerland,Valle Bavona,03/15/2020,15,,,08/01/1989,1.7
Black Eagle SD,Daniel Woods,15,,South Africa,Rocklands,08/17/2018,15,,,08/01/1989,1.7
Blade Runner,Daniel Woods,15,,United States,RMNP,09/21/2020,15,,,08/01/1989,1.7
Box Therapy,Daniel Woods,16,FA,United States,RMNP,10/29/2018,16,,,08/01/1989,1.7
Bridge of Ashes,Daniel Woods,15,,United States,RMNP,03/11/2013,15,,,08/01/1989,1.7
Creature from the Black Lagoon,Daniel Woods,16,FA,United States,RMNP,09/28/2016,16,,,08/01/1989,1.7
Death Star,Daniel Woods,15,FA,United States,Eldora,04/22/2020,15,,,08/01/1989,1.7
Defying Gravity,Daniel Woods,15,FA,United States,South Platte,11/16/2013,15,,,08/01/1989,1.7
Delirium,Daniel Woods,15,,United States,Lincoln Lake,09/18/2013,15,,,08/01/1989,1.7
Dicktopia,Daniel Woods,15,FA,United States,Camp Dick,01/09/2020,,,,08/01/1989,1.7
Direct Hit,Daniel Woods,15,FA,Brazil,Ubatuba,7/10/2019,15,,,08/01/1989,1.7
El Diablo,Daniel Woods,15,FA,Mexico,Penoles,01/19/2014,15,,,08/01/1989,1.7
"Finnish Line, The",Daniel Woods,15,,South Africa,Rocklands,6/28/2018,15,,,08/01/1989,1.7
"Force Tranquille, La",Daniel Woods,15,FA,Switzerland,Magic Wood,10/15/2011,15,,,08/01/1989,1.7
"Game, The",Daniel Woods,15,FA,United States,Boulder Canyon,02/10/2010,15,,,08/01/1989,1.7
Grand Illusion,Daniel Woods,16,,United States,Little Cottonwood Canyon,6/7/2021,16,,,08/01/1989,1.7
Hydrangea,Daniel Woods,15,,Japan,Shiobara,2/14/2013,15,,,08/01/1989,1.7
Hypnotized Minds,Daniel Woods,16,FA,United States,RMNP,10/21/2010,16,,,08/01/1989,1.7
Ice Knife,Daniel Woods,15,,United States,GuanelPass,11/02/2013,15,,sit,08/01/1989,1.7
In Search of Time Lost,Daniel Woods,15,FA,Switzerland,Magic Wood,5/9/2008,15,,,08/01/1989,1.7
Kingdom,Daniel Woods,15,,Switzerland,Ticino,04/16/2019,15,,,08/01/1989,1.7
Lucid Dreaming,Daniel Woods,15,,United States,Bishop,01/28/2014,15,,,08/01/1989,1.7
Monkey Wedding,Daniel Woods,15,,South Africa,Rocklands,08/13/2012,15,,,08/01/1989,1.7
"Nest, The",Daniel Woods,15,FA,United States,Red Rock,12/18/2013,15,,,08/01/1989,1.7
Noise vs Beauty,Daniel Woods,15,FA,South Africa,Rocklands,06/18/2015,15,,,08/01/1989,1.7
Off the Wagon Sit,Daniel Woods,16,,Switzerland,Valle Bavona,3/7/2020,16,,,08/01/1989,1.7
Paint it Black,Daniel Woods,15,FA,United States,RMNP,2/29/2012,15,,,08/01/1989,1.7
Pegasus,Daniel Woods,15,,United States,Joe's Valley,4/14/2021,15,,,08/01/1989,1.7
Pirate's Code,Daniel Woods,15,,South Africa,Three corners,08/02/2018,15,,,08/01/1989,1.7
Practice of the Wild,Daniel Woods,15,,Switzerland,Magic Wood,04/16/2011,15,,,08/01/1989,1.7
Primitivo,Daniel Woods,15,,Switzerland,Valle Bavona,03/05/2020,15,,,08/01/1989,1.7
Process,Daniel Woods,16,FA,United States,Bishop,01/15/2015,16,,,08/01/1989,1.7
Return of Sleepwalker,Daniel Woods,17,FA,United States,Red Rock,03/31/2021,17,,,08/01/1989,1.7
"Rustica, La",Daniel Woods,15,,Switzerland,Valle Bavona,01/05/2019,,https://www.instagram.com/p/BxNaC_mllIj/,,08/01/1989,1.7
Sleepwalker,Daniel Woods,16,,United States,Red Rock,01/16/2019,16,,,08/01/1989,1.7
Spray of Light,Daniel Woods,15,FA,South Africa,Rocklands,7/12/2015,15,,,08/01/1989,1.7
Squoze,Daniel Woods,15,,United States,Red Rock,01/16/2019,15,,,08/01/1989,1.7
Terremer,Daniel Woods,15,,United States,Hueco Tanks,1/30/2010,15,,,08/01/1989,1.7
Topaz,Daniel Woods,15,,United States,RMNP,10/13/2016,15,,,08/01/1989,1.7
Traffic,Daniel Woods,15,,United States,Scoop,05/11/2020,15,,,08/01/1989,1.7
Wheel Of Life,Daniel Woods,15,,Australia,Grampians,07/01/2013,,https://vimeo.com/71856230,,08/01/1989,1.7
Wheel of Wolvo,Daniel Woods,15,,United States,Lincoln Lake,09/09/2013,15,,,08/01/1989,1.7
Witness the Fitness (broken),Daniel Woods,15,,United States,Ozark Mountains,01/08/2013,15,,,08/01/1989,1.7
Black Eagle SD,Dave Graham,15,,South Africa,Rocklands,08/27/2018,,https://www.instagram.com/p/BmBwIqlhHhF/,,11/10/1981,1.78
Bridge of Ashes,Dave Graham,15,FA,United States,RMNP,03/08/2013,14,,,11/10/1981,1.78
Colombe,Dave Graham,15,FA,Switzerland,Vernayaz,12/19/2016,,https://www.instagram.com/p/BRHtmkzD371/,,11/10/1981,1.78
Creature from the Black Lagoon,Dave Graham,16,,United States,RMNP,10/25/2016,,,,11/10/1981,1.78
Delirium,Dave Graham,15,,United States,Lincoln Lake,06/27/2016,,,,11/10/1981,1.78
Foundation's Edge,Dave Graham,15,FA,Switzerland,Fionnay,10/15/2013,15,,,11/10/1981,1.78
From Dirt Grows the Flowers,Dave Graham,15,FA,Switzerland,Ticino,03/07/2005,15,,,11/10/1981,1.78
Hypnotized Minds,Dave Graham,16,,United States,RMNP,01/10/2019,,,,11/10/1981,1.78
Ice Knife,Dave Graham,15,FA,United States,GuanelPass,10/18/2011,14,,,11/10/1981,1.78
Island,Dave Graham,15,FA,France,Fontainebleau,04/07/2008,14,,,11/10/1981,1.78
Meadowlark Lemon,Dave Graham,15,,United States,Red Rock,01/08/2013,14,,,11/10/1981,1.78
Monkey Wedding,Dave Graham,15,,South Africa,Rocklands,09/08/2016,,https://www.island.io/efforts/2055254484,,11/10/1981,1.78
Noise vs Beauty,Dave Graham,15,,South Africa,Rocklands,07/12/2018,,https://www.instagram.com/p/BlFn-oIHzph/?hl=en,,11/10/1981,1.78
Paint it Black,Dave Graham,15,,United States,RMNP,04/28/2012,15,,,11/10/1981,1.78
Parzival,Dave Graham,15,FA,South Africa,Rocklands,08/28/2018,,https://www.instagram.com/p/BnCHfL7nXtj/?hl=en,,11/10/1981,1.78
Petrichor,Dave Graham,15,FA,South Africa,Rocklands,01/08/2021,,,,11/10/1981,1.78
Red Bottom Sky,Dave Graham,15,FA,South Africa,Rocklands,01/01/2017,,https://www.instagram.com/p/BbLVPztHU-j/,,11/10/1981,1.78
Roadkill,Dave Graham,15,,Switzerland,Valle Bavona,01/12/2021,,https://www.instagram.com/p/CXoYlaigA6l/,,11/10/1981,1.78
Spray of Light,Dave Graham,15,,South Africa,Rocklands,07/28/2015,15,,,11/10/1981,1.78
Squoze,Dave Graham,15,,United States,Red Rock,01/08/2020,14,,,11/10/1981,1.78
Story Of Two Worlds,Dave Graham,15,FA,Switzerland,Ticino,01/09/2005,15,,,11/10/1981,1.78
Topaz,Dave Graham,15,FA,United States,RMNP,10/14/2016,,,,11/10/1981,1.78
Wheel Of Life,Dave Graham,15,,Australia,Grampians,06/01/2012,,,,11/10/1981,1.78
Wheel of Wolvo,Dave Graham,15,,United States,Lincoln Lake,09/17/2013,15,,,11/10/1981,1.78
White Noise,Dave Graham,15,FA,United States,RMNP,10/07/2012,15,,,11/10/1981,1.78
Catalan Witness the Fitness,Dave Macleod,15,,Spain,Cova de l'Ocell,02/04/2018,,https://www.youtube.com/watch?v=z7cSJ0g3kNo,,07/17/1978,
Practice of the Wild,Dave Macleod,15,,Switzerland,Magic Wood,08/09/2016,,https://vimeo.com/168060878,,07/17/1978,
Dreamtime (post break),David Firnenburg,15,,Switzerland,Ticino,12/23/2018,15,,,,
Practice of the Wild,David Firnenburg,15,,Switzerland,Magic Wood,04/17/2017,,https://www.instagram.com/p/BS8KyntAI9q/,,,
Zunami,David Kompatscher,15,,Austria,Innsbruck,11/27/2020,15,,,,
Bloody Sunday SDS,Drew Ruana,15,FA,United States,Smuggler's Notch,04/30/2021,15,,,08/20/1999,1.7
Box Therapy,Drew Ruana,16,,United States,RMNP,07/22/2020,,,,08/20/1999,1.7
Creature from the Black Lagoon,Drew Ruana,16,,United States,RMNP,08/30/2020,,,,08/20/1999,1.7
Death Star,Drew Ruana,15,,United States,Eldora,03/21/2021,15,,,08/20/1999,1.7
Dicktopia,Drew Ruana,15,,United States,Camp Dick,10/01/2020,,,,08/20/1999,1.7
Dystopia,Drew Ruana,15,FA,United States,Camp Dick,3/30/2021,15,,,08/20/1999,1.7
Echalo,Drew Ruana,15,FA,United States,Logan Canyon,09/26/2020,15,,,08/20/1999,1.7
"Game, The",Drew Ruana,15,,United States,Boulder Canyon,11/13/2021,15,,,08/20/1999,1.7
Insomniac,Drew Ruana,16,FA,United States,Lincoln Lake,07/11/2021,,,,08/20/1999,1.7
"Nest, The",Drew Ruana,15,,United States,Red Rock,01/28/2020,15,,,08/20/1999,1.7
Paint it Black,Drew Ruana,15,,United States,RMNP,03/01/2020,,https://www.instagram.com/p/B9VjE0jjLVs/,,08/20/1999,1.7
Pegasus,Drew Ruana,15,FA,United States,Joe's Valley,02/01/2020,,,,08/20/1999,1.7
Sleepwalker,Drew Ruana,16,,United States,Red Rock,01/27/2020,,,,08/20/1999,1.7
Spidy,Drew Ruana,15,,United States,Clear Creek Canyon,04/22/2021,15,https://www.instagram.com/p/CN-2n0XDeQE/,,08/20/1999,1.7
Squoze,Drew Ruana,15,,United States,Red Rock,11/09/2019,15,,,08/20/1999,1.7
Traffic,Drew Ruana,15,,United States,Scoop,02/12/2021,15,,,08/20/1999,1.7
Variant,Drew Ruana,15,FA,United States,Lincoln Lake,07/12/2021,15,,,08/20/1999,1.7
White Noise,Drew Ruana,15,,United States,RMNP,,15,,,08/20/1999,1.7
Creature from the Black Lagoon,Dylan Barks,16,,United States,RMNP,08/31/2021,16,,,,
Foundation's Edge,Dylan Chuat,15,,Switzerland,Fionnay,07/04/2020,15,,,,
Big Island,Edward Freehally,15,,France,Fontainebleau,11/28/2015,,https://vimeo.com/147247317,,,
Dreamtime (post break),Elias Iagnemma,15,,Switzerland,Ticino,01/20/2021,15,,,11/17/1995,1.8
Extrasystole,Elias Iagnemma,15,FA,Italy,Poggio umbricchio,01/20/2021,15,,,11/17/1995,1.8
From Dirt Grows the Flowers,Elias Iagnemma,15,,Switzerland,Ticino,11/6/2021,15,,,11/17/1995,1.8
Gioia,Elias Iagnemma,16,,Italy,Varazze,02/13/2021,16,,,11/17/1995,1.8
Kimera,Elias Iagnemma,15,,Italy,Rifugio barbara,08/09/2021,15,,,11/17/1995,1.8
Kingdom,Elias Iagnemma,15,,Switzerland,Ticino,01/20/2021,15,,,11/17/1995,1.8
Kryptos,Elias Iagnemma,15,,Switzerland,Basler Jura,1/20/2021,15,,,11/17/1995,1.8
Ziqqurat,Elias Iagnemma,15,,Italy,Gaby,10/24/2021,15,,,11/17/1995,1.8
Arzak,Eliot Stephens,15,,Switzerland,Zürich,11/24/2019,15,,,11/17/1995,1.8
From Dirt Grows the Flowers,Eliot Stephens,15,,Switzerland,Ticino,02/20/2020,15,,,11/17/1995,1.8
Origin Sit,Eliot Stephens,15,FA,United Kingdom,Dinas rock,04/21/2021,15,,,11/17/1995,1.8
Millenium assis,Elric Besnier,15,FA,France,Fontainebleau,02/04/2019,,,,,
Kintsugi,Ethan Pringle,15,,United States,Red Rock,01/13/2019,14,,,05/30/1986,1.78
"Nest, The",Ethan Pringle,15,,United States,Red Rock,07/11/2018,,,,05/30/1986,1.78
Wheel Of Life,Ethan Pringle,15,,Australia,Grampians,06/24/2010,,https://vimeo.com/27222226,,05/30/1986,1.78
Variant,Everett Sloane,15,,United States,Lincoln Lake,08/09/2021,15,,,,
Dreamtime (post break),Fabian Buhl,15,,Switzerland,Ticino,03/13/2013,15,,,,
Kintsugi,Facundo Langbehn,15,,United States,Red Rock,01/13/2019,15,,,,
"Nest, The",Facundo Langbehn,15,,United States,Red Rock,12/13/2017,,,,,
Paint it Black,Daniel Fong,15,,United States,RMNP,05/18/2019,15,,,04/28/1992,
Catalan Witness the Fitness,Felipe Camargo,15,,Spain,Cova de l'Ocell,02/24/2016,15,,,04/27/1991,
Direct Hit,Felipe Camargo,15,,Brazil,Ubatuba,08/26/2020,15,,,04/27/1991,
Fortaleza,Felipe Camargo,15,FA,Brazil,Ubatuba,07/16/2014,,,,04/27/1991,
Half-Life,Felix Knaub,15,FA,Germany,Frankenjura,01/01/2012,,,,,
Wrath of the Lichking,Felix Knaub,15,FA,Germany,Frankenjura,12/02/2012,,,,,
Emotional Landscapes,Florian Schmalzl,15,,Austria,Maltatal,11/27/2017,,,,,
Zunami,Florian Schmalzl,15,,Austria,Innsbruck,04/02/2014,,,,,
Bokassa's Fridge sit,Florian Wientjes,15.5,FA,Germany,Kochel,3/8/2021,15,,,07/15/1995,
Amazonia,Francis Helias,15,FA,France,Fontainebleau,6/30/2002,15,,,,
Kryptos,Franz Widmer,15,FA,Switzerland,Basler Jura,07/25/2009,,https://youtu.be/w-1aas77EDM,,,
"Poinconneur des Lilas, Le",Franz Widmer,15,,Switzerland,Basler Jura,05/09/2008,,,,,
Arzak,Frederic Nicole,15,FA,Switzerland,Zürich,01/01/2016,15,https://www.youtube.com/watch?v=TJ95XEmzRlg,,05/21/1970,1.8
Black Eagle SD,Frederic Nicole,15,FA,South Africa,Rocklands,8/18/2002,15,,,05/21/1970,1.8
"Boa, Le",Frederic Nicole,15,FA,Switzerland,,09/21/2011,15,,,05/21/1970,1.8
Kryptos,Frederic Nicole,15,,Switzerland,Basler Jura,10/29/2009,,,,05/21/1970,1.8
Monkey Wedding,Frederic Nicole,15,FA,South Africa,Rocklands,01/01/2002,,,,05/21/1970,1.8
Netsuke,Frederic Nicole,15,FA,Switzerland,,06/10/2017,,,,05/21/1970,1.8
"Poinconneur des Lilas, Le",Frederic Nicole,15,FA,Switzerland,Basler Jura,01/01/2004,,,,05/21/1970,1.8
Terremer,Frederic Nicole,15,FA,United States,Hueco Tanks,01/01/2006,15,,,05/21/1970,1.8
Witness the Fitness (broken),Frederic Nicole,15,,United States,Ozark Mountains,01/05/2007,,,,05/21/1970,1.8
Practice of the Wild,Gabriele Moroni,15,,Switzerland,Magic Wood,05/07/2016,,,,09/20/1987,
Story Of Two Worlds,Gabriele Moroni,15,,Switzerland,Ticino,02/18/2014,15,,,09/20/1987,
Ziqqurat,Gabriele Moroni,15,,Italy,Gaby,09/28/2017,15,,,09/20/1987,
grosse Tarlouze,Giani Clement,15,,Switzerland,Magic Wood,11/8/2019,15,,,08/22/1983,
Practice of the Wild,Giani Clement,15,,Switzerland,Magic Wood,05/23/2019,15,,,08/22/1983,
Story Of Two Worlds,Giani Clement,15,,Switzerland,Ticino,04/02/2019,15,,,08/22/1983,
Big Island,Giuliano Cameroni,15,,France,Fontainebleau,02/23/2018,15,,,05/11/1997,1.81
Black Eagle SD,Giuliano Cameroni,15,,South Africa,Rocklands,08/18/2018,15,,,05/11/1997,1.81
Blade Runner,Giuliano Cameroni,15,FA,United States,RMNP,06/15/2019,15,,,05/11/1997,1.81
Crystal Ship,Giuliano Cameroni,15,FA,Switzerland,Ticino,01/08/2021,15,,,05/11/1997,1.81
Der mit dem Fels tanzt,Giuliano Cameroni,15,,Switzerland,Ticino,02/07/2017,15,,,05/11/1997,1.81
Dreamtime (post break),Giuliano Cameroni,15,,Switzerland,Ticino,01/06/2015,15,,,05/11/1997,1.81
Ephyra,Giuliano Cameroni,16,,Switzerland,Ticino,03/16/2021,16,,,05/11/1997,1.81
"Finnish Line, The",Giuliano Cameroni,15,,South Africa,Rocklands,09/05/2019,15,,,05/11/1997,1.81
"Force Tranquille, La",Giuliano Cameroni,15,,Switzerland,Magic Wood,06/19/2021,15,,,05/11/1997,1.81
Gran Paradiso,Giuliano Cameroni,15,FA,Italy,Valdell'orco,11/13/2019,15,,,05/11/1997,1.81
Hazel Grace,Giuliano Cameroni,15,FA,Switzerland,Ticino,08/01/2017,16,,,05/11/1997,1.81
Monkey Wedding,Giuliano Cameroni,15,,South Africa,Rocklands,08/27/2019,15,,,05/11/1997,1.81
Off the Wagon Sit,Giuliano Cameroni,16,,Switzerland,Valle Bavona,04/13/2021,16,,,05/11/1997,1.81
Poison Well,Giuliano Cameroni,16,FA,Switzerland,Ticino,02/12/2019,16,,,05/11/1997,1.81
Power of Now,Giuliano Cameroni,15,FA,Switzerland,Magic Wood,7/2/2020,15,,,05/11/1997,1.81
Primitivo,Giuliano Cameroni,15,,Switzerland,Valle Bavona,04/01/2019,15,,,05/11/1997,1.81
"Rustica, La",Giuliano Cameroni,15,,Switzerland,Valle Bavona,04/01/2021,,https://www.youtube.com/watch?v=G7f79DBA-L8,,05/11/1997,1.81
smile,Giuliano Cameroni,15,FA,South Africa,Rocklands,07/14/2018,15,,,05/11/1997,1.81
Spray of Light,Giuliano Cameroni,15,,South Africa,Rocklands,08/25/2019,15,,,05/11/1997,1.81
Story Of Two Worlds,Giuliano Cameroni,15,,Switzerland,Ticino,2/9/2014,15,,,05/11/1997,1.81
Topaz,Giuliano Cameroni,15,,United States,RMNP,05/24/2019,14.5,,,05/11/1997,1.81
Big Island,Griffin Whiteside,15,,France,Fontainebleau,02/10/2015,,https://vimeo.com/140133292,,,
Creature from the Black Lagoon,Griffin Whiteside,16,,United States,RMNP,07/01/2018,,,,,
Delirium,Griffin Whiteside,15,,United States,Lincoln Lake,06/18/2017,,,,,
No Additives sit,Griffin Whiteside,15,FA,United States,Joe's Valley,02/17/2018,,,post break,,
Paint it Black,Griffin Whiteside,15,,United States,RMNP,03/13/2018,,,,,
Sleepwalker,Griffin Whiteside,16,,United States,Red Rock,12/01/2019,,,,,
Spidy,Griffin Whiteside,15,FA,United States,Clear Creek Canyon,,,,,,
Topaz,Griffin Whiteside,15,,United States,RMNP,04/12/2018,,,,,
Traffic,Griffin Whiteside,15,FA,United States,Scoop,,15,,,,
Wheel of Wolvo,Griffin Whiteside,15,,United States,Lincoln Lake,06/11/2017,,,,,
Big Island,Guillaume Glairon-Mondet,15,,France,Fontainebleau,1/16/2013,15,,,12/10/1986,1.78
Jour de Chasse,Guillaume Glairon-Mondet,15,,France,Fontainebleau,01/21/2014,15,,,12/10/1986,1.78
"Marathon de Boissy, Le",Guillaume Glairon-Mondet,15,,France,Fontainebleau,12/30/2014,15,,,12/10/1986,1.78
"Pied a Coulisse, Le",Guillaume Glairon-Mondet,15,FA,France,Fontainebleau,1/15/2016,16,,,12/10/1986,1.78
Trip Hop,Guillaume Glairon-Mondet,15,,France,Fontainebleau,02/07/2013,15,,,12/10/1986,1.78
Arzak,Guntram Jorg,15,,Switzerland,Zürich,03/01/2019,15,https://www.youtube.com/watch?v=wR2fYKAvFeI,,,
Zunami,Hermann Schwaiger,15,,Austria,Innsbruck,01/01/2004,,,,,
Underground Asylum lvl 2,Hiram Hafid,15,FA,Mexico,El Oasis,2/20/2021,15,,,01/01/1990,
Paint it Black,Ian Dory,15,,United States,RMNP,03/26/2014,,,,07/14/1990,
Wheel Of Life,Ian Dory,15,,Australia,Grampians,06/05/2012,,https://vimeo.com/45097582,,07/14/1990,
Airian,Iban Larrion,15,FA,Spain,Baltzola,03/15/2012,15,https://www.youtube.com/watch?v=lKm6wRgcqJ4,,,
Entropia,Ignacio Mulero,15,,Spain,Castillo de Bayuela,03/14/2016,,,,,
Kikela,Isaac Montes,15,FA,Spain,Teverga,07/01/2015,,,,,
Bugeleisen Sit,Jakob Schubert,15,,Austria,Villach,04/01/2015,,https://vimeo.com/192769423,,12/31/1990,1.73
Catalan Witness the Fitness,Jakob Schubert,15,,Spain,Cova de l'Ocell,01/15/2018,,https://www.youtube.com/watch?v=z7cSJ0g3kNo,,12/31/1990,1.73
"Force Tranquille, (direct)",Jakob Schubert,15,FA,Switzerland,Magic Wood,11/01/2020,15,,Also sent the non-direct variation 2 days prior to the direct.,12/31/1990,1.73
Primitivo,Jakob Schubert,15,,Switzerland,Valle Bavona,03/01/2021,,,,12/31/1990,1.73
Story Of Two Worlds,Jakob Schubert,15,,Switzerland,Ticino,01/01/2020,,,,12/31/1990,1.73
Sleepy Rave,James Kassay,15,,Australia,Grampians,11/3/2009,15,,,02/24/1985,1.74
Wheel Of Life,James Kassay,15,,Australia,Grampians,09/07/2011,16,,,02/24/1985,1.74
Wheel of Life Direct,James Kassay,15.5,FA,Australia,Grampians,09/10/2012,16,,,02/24/1985,1.74
Ambition,James Squire,15,FA,United Kingdom,Biblins Cave,06/16/2020,15,,,10/14/1996,
Power of Now,James Squire,15,,Switzerland,Magic Wood,08/25/2020,15,,,10/14/1996,
Spray of Light,James Squire,15,,South Africa,Rocklands,06/10/2019,15,,,10/14/1996,
World Is Yours,James Squire,15,FA,United Kingdom,Biblins Cave,08/27/2018,15,,,10/14/1996,
Big Island,Jan Hojer,15,,France,Fontainebleau,01/25/2013,15,,,02/09/1992,1.86
Dreamtime (post break),Jan Hojer,15,,Switzerland,Ticino,2/18/2013,15,,,02/09/1992,1.86
From Dirt Grows the Flowers,Jan Hojer,15,,Switzerland,Ticino,03/08/2015,15,,,02/09/1992,1.86
Jour de Chasse,Jan Hojer,15,FA,France,Fontainebleau,12/8/2013,15,,,02/09/1992,1.86
"Marathon de Boissy, Le",Jan Hojer,15,FA,France,Fontainebleau,03/08/2014,15,,,02/09/1992,1.86
Quoi de Neuf,Jan Hojer,15,,France,Fontainebleau,12/02/2017,15,,,02/09/1992,1.86
Story Of Two Worlds,Jan Hojer,15,,Switzerland,Ticino,4/11/2014,15,,,02/09/1992,1.86
Trip Hop,Jan Hojer,15,,France,Fontainebleau,10/31/2013,15,,,02/09/1992,1.86
Sierra Madre,Jan-luca Posch,15,,Austria,Zillertal,10/08/2020,15,,,01/07/1998,
Trafic (en retour-aller),Jean-Pierre Bouvier,16,FA,France,Fontainebleau,07/01/2017,,,,,
"Voyage de Zhong Kui (aller-retour), Le",Jean-Pierre Bouvier,16,FA,France,Fontainebleau,03/23/2011,,,,,
Dagger sit,Jedrzej Wilczynski,15,,Switzerland,Ticino,07/23/2018,15,,,05/04/1974,
Catalan Witness the Fitness,Jernej Kruder,15,,Spain,Cova de l'Ocell,03/07/2017,15,,,12/05/1990,1.8
Dreamtime (post break),Jernej Kruder,15,,Switzerland,Ticino,11/09/2019,15,,,12/05/1990,1.8
Metafizika,Jernej Kruder,15,FA,Slovenia,Jurkloster,09/26/2018,15,,,12/05/1990,1.8
"Rustica, La",Jernej Kruder,15,,Switzerland,Valle Bavona,12/16/2021,15,,,12/05/1990,1.8
Story Of Two Worlds,Jernej Kruder,15,,Switzerland,Ticino,01/04/2013,15,,,12/05/1990,1.8
Chuchi,Jesús Muñoz Vaquero,15,FA,Spain,Madrid,09/05/2019,15,,,10/25/1991,
Entropia,Jesús Muñoz Vaquero,15,,Spain,Castillo de bayuela,12/10/2021,15,,,10/25/1991,
Big Island,Jimmy Webb,15,,France,Fontainebleau,2/6/2016,15,,,11/07/1987,1.83
Creature from the Black Lagoon,Jimmy Webb,16,,United States,RMNP,08/20/2017,16,,,11/07/1987,1.83
Defying Gravity,Jimmy Webb,15,,United States,South Platte,11/21/2014,15,,,11/07/1987,1.83
Delirium,Jimmy Webb,15,FA,United States,Lincoln Lake,09/10/2013,15,,,11/07/1987,1.83
Der mit dem Fels tanzt,Jimmy Webb,15,,Switzerland,Ticino,04/03/2019,15,,,11/07/1987,1.83
Dicktopia,Jimmy Webb,15,,United States,Camp Dick,10/05/2020,15,,,11/07/1987,1.83
Dreamtime (post break),Jimmy Webb,15,,Switzerland,Ticino,02/13/2018,15,,,11/07/1987,1.83
Ephyra,Jimmy Webb,16,FA,Switzerland,Ticino,03/29/2019,16,,,11/07/1987,1.83
Fallen Angel,Jimmy Webb,15,FA,United States,Tahoe,11/08/2021,15,,,11/07/1987,1.83
"Finnish Line, The",Jimmy Webb,15,,South Africa,Rocklands,06/29/2019,15,,,11/07/1987,1.83
From Dirt Grows the Flowers,Jimmy Webb,15,,Switzerland,Ticino,03/22/2019,15,,,11/07/1987,1.83
"Game, The",Jimmy Webb,15,,United States,Boulder Canyon,1/16/2016,15,,,11/07/1987,1.83
Heavens Gate,Jimmy Webb,15,FA,United States,California,06/30/2020,15,,,11/07/1987,1.83
Khoikhoi,Jimmy Webb,15,FA,South Africa,N1,06/22/2014,15,,,11/07/1987,1.83
Kingdom,Jimmy Webb,15,,Switzerland,Ticino,03/19/2014,15,,,11/07/1987,1.83
Kintsugi,Jimmy Webb,15,,United States,Red Rock,12/19/2016,15,,,11/07/1987,1.83
Livin Large,Jimmy Webb,15.5,,South Africa,Rocklands,7/7/2015,15,,,11/07/1987,1.83
Lucid Dreaming,Jimmy Webb,15,,United States,Bishop,01/07/2020,15,,,11/07/1987,1.83
Matriarch,Jimmy Webb,15,FA,United States,Rocktown,12/22/2015,15,,,11/07/1987,1.83
Monkey Wedding,Jimmy Webb,15,,South Africa,Rocklands,06/27/2019,15,,,11/07/1987,1.83
"Nest, The",Jimmy Webb,15,,United States,Red Rock,12/19/2013,15,,,11/07/1987,1.83
Off the Wagon Sit,Jimmy Webb,16,,Switzerland,Valle Bavona,02/27/2020,16,,,11/07/1987,1.83
Outer Limits,Jimmy Webb,15,FA,United States,Donner summit,10/11/2017,15,,,11/07/1987,1.83
Parzival,Jimmy Webb,15,,South Africa,Rocklands,7/16/2019,15,,,11/07/1987,1.83
"Pied a Coulisse, Le",Jimmy Webb,15,,France,Fontainebleau,02/15/2016,15,,,11/07/1987,1.83
Poison Well,Jimmy Webb,16,,Switzerland,Ticino,04/07/2020,16,,,11/07/1987,1.83
Practice of the Wild,Jimmy Webb,15,,Switzerland,Magic Wood,04/15/2014,15,,,11/07/1987,1.83
Primitivo,Jimmy Webb,15,FA,Switzerland,Valle Bavona,05/16/2019,15,,,11/07/1987,1.83
Roadkill,Jimmy Webb,15,,Switzerland,Valle Bavona,04/07/2020,15,,,11/07/1987,1.83
"Rustica, La",Jimmy Webb,15,FA,Switzerland,Valle Bavona,04/07/2013,15,,,11/07/1987,1.83
Sleepwalker,Jimmy Webb,16,FA,United States,Red Rock,01/23/2019,16,,,11/07/1987,1.83
Spray of Light,Jimmy Webb,15,,South Africa,Rocklands,08/21/2019,15,,,11/07/1987,1.83
Squoze,Jimmy Webb,15,FA,United States,Red Rock,12/06/2018,14,,,11/07/1987,1.83
Story Of Two Worlds,Jimmy Webb,15,,Switzerland,Ticino,03/25/2014,15,,,11/07/1987,1.83
Understanding,Jimmy Webb,15,,Switzerland,Magic Wood,4/10/2014,15,,,11/07/1987,1.83
Virgo,Jimmy Webb,15,FA,United States,Tahoe,10/24/2019,15,,,11/07/1987,1.83
Wheel of Wolvo,Jimmy Webb,15,FA,United States,Lincoln Lake,09/05/2013,15,,,11/07/1987,1.83
White Noise,Jimmy Webb,15,,United States,RMNP,7/8/2021,15,,,11/07/1987,1.83
"Nest, The",John Brock,15,,United States,Red Rock,02/11/2021,15,,,,
Ebony and Ivory,John Cohee,15,FA,United States,Logan Canyon,05/22/2021,15,,,11/30/1999,
Gossip,John Gaskins,15,,Germany,Frankenjura,07/20/2004,,,,,
Il Pirata,John Gaskins,15,FA,United Kingdom,Lake District,02/01/2004,,,,,
Shadowplay,John Gaskins,15,FA,United Kingdom,Lake District,01/01/2004,,,,,
Walk away sd,John Gaskins,15,FA,United Kingdom,Fairy steps,10/15/2002,15,,,,
"Game, The",Jon Cardwell,15,,United States,Boulder Canyon,01/08/2013,15,,,03/12/1989,
"Nest, The",Jon Glassberg,15,,United States,Red Rock,03/31/2021,15,,,,
Big Island,Jonas Winter,15,,France,Fontainebleau,02/25/2016,,https://www.youtube.com/watch?v=k9u2tZxDszw,,,
Quoi de Neuf,Jonas Winter,15,,France,Fontainebleau,03/22/2018,,,,,
Crisis,Jonathan Flor Vazquez,15.5,,Spain,Crevillente,01/04/2017,,,,,
Asagimadara,Jongwon Chon,15,,Japan,Mizugaki,03/16/2016,,,,02/07/1996,
Eternal Sunshine,Jongwon Chon,15,FA,South Korea,Mudeungsan National Park,11/11/2016,,,,02/07/1996,
Hymn,Jongwon Chon,15,FA,South Korea,Mudeungsan National Park,12/11/2016,,https://www.instagram.com/p/BN4DlHRANYz/,,02/07/1996,
Wheel of Life Direct,Jorg Verhoeven,15.5,,Australia,Grampians,11/04/2015,,https://www.youtube.com/watch?v=AAjl5RmPqjQ,,,
Kaisen,Jorge Diaz-Rullo,15.5,,Spain,Madrid,11/07/2017,15,,,10/01/1999,1.69
Papa Oso,Jorge Diaz-Rullo,15,,Spain,Torrelodones,01/19/2020,14,,,10/01/1999,1.69
Soyuz (low),Jorge Diaz-Rullo,15,,Spain,Madrid,03/26/2019,,,,10/01/1999,1.69
Super Blood Wolf Moon,Jorge Diaz-Rullo,15,,Spain,Cova de l'Ocell,06/06/2020,15,,,10/01/1999,1.69
Trinity,Jorge Diaz-Rullo,15,,Spain,Peixcave,01/17/2021,15,,,10/01/1999,1.69
Tonino 78,Julien Nadiras,15.5,,Italy,Meschia,02/08/2012,,,,,
Babel,Jun Shibanuma,15,,Japan,Shiobara,05/07/2018,15,,,,
Byaku-dou,Kazuma Ise,15,,Japan,Hourai,02/08/2020,15,,,03/18/2002,
Hallucination,Kazuma Ise,16,FA,Japan,Hourai,11/3/2020,14,,,03/18/2002,
Mona Lisa,Kazuma Ise,15,,Japan,Hourai,11/04/2020,14,,,03/18/2002,
Vanitas,Kazuma Ise,15,,Japan,Hourai,02/28/2021,15,,,03/18/2002,
Eternal,Kazuma Watanabe,15,,Japan,Hinokage,4/10/2015,15,,,07/15/1985,
Asagimadara,Keenan Takahashi,15,,Japan,Mizugaki,11/06/2019,,https://www.instagram.com/p/B4hysdtDQIM/,,09/18/1991,1.74
Kintsugi,Keenan Takahashi,15,,United States,Red Rock,12/10/2018,,https://www.youtube.com/watch?v=vDm_9J8REfY,,09/18/1991,1.74
Monkey Wedding,Keenan Takahashi,15,,South Africa,Rocklands,08/19/2019,15,,,09/18/1991,1.74
"Nest, The",Keenan Takahashi,15,,United States,Red Rock,1/25/2018,,,,09/18/1991,1.74
Outer Limits,Keenan Takahashi,15,,United States,Donner summit,10/7/2020,15,,,09/18/1991,1.74
Story Of Two Worlds,Keenan Takahashi,15,,Switzerland,Ticino,04/13/2019,,https://climbingaway.fr/en/climbers/keenan-takahashi,,09/18/1991,1.74
Kryptos,Kevin Heiniger,15,,Switzerland,Basler Jura,4/24/2017,15,,,06/03/1983,
Jour de Chasse,Kevin Lopata,15,,France,Fontainebleau,02/03/2016,15,,,10/10/1982,
Misti,Kevin Lopata,15,,France,Fontainebleau,01/13/2016,11,,,10/10/1982,
From Dirt Grows the Flowers,Kilian Fischhuber,15,,Switzerland,Ticino,02/11/2015,,,,08/01/1983,
Big Island,Killian Chabrier,15,,France,Fontainebleau,2/14/2021,15,,,04/26/1999,1.79
Force,Killian Chabrier,16,,France,Fontainebleau,04/06/2021,16,,,04/26/1999,1.79
FORCE OBSCURE,Killian Chabrier,15,,France,Fontainebleau,4/21/2021,15,,,04/26/1999,1.79
Quoi de Neuf,Killian Chabrier,15,,France,Fontainebleau,03/27/2021,15,,,04/26/1999,1.79
Crystal Ship,Kim Marschner,15,,Switzerland,Ticino,01/08/2022,15,,,01/28/1998,1.67
Dreamtime (post break),Kim Marschner,15,,Switzerland,Ticino,11/29/2020,15,,,01/28/1998,1.67
From Dirt Grows the Flowers,Kim Marschner,15,,Switzerland,Ticino,01/02/2020,15,,,01/28/1998,1.67
Roadkill,Kim Marschner,15,,Switzerland,Valle Bavona,03/10/2021,15,,,01/28/1998,1.67
Spray of Light,Kim Marschner,15,,South Africa,Rocklands,08/30/2018,15,,,01/28/1998,1.67
Emotional Landscapes,Klem Loskot,15,FA,Austria,Maltatal,11/10/2002,,,,05/11/1974,
Zunami,Klem Loskot,15,,Austria,Innsbruck,01/14/2013,,https://www.youtube.com/watch?v=MCn9s8qDMbM,,05/11/1974,
Story Of Two Worlds,Leon Fraunholz,15,,Switzerland,Ticino,04/02/2019,15,,,06/07/2000,
Jour de Chasse,Levier Alban,15,,France,Fontainebleau,12/09/2016,15,,,01/01/1995,
Blade Runner,Liam Andrews-Bancroft,15,,United States,RMNP,,14,,,,
"Nest, The",Liam Andrews-Bancroft,15,,United States,Red Rock,11/22/2020,15,,,,
Big Island,Lucas Menegatti,15,,France,Fontainebleau,01/28/2011,15,,,,
Quoi de Neuf,Ludo Delmotte,15,,France,Fontainebleau,9/25/2020,15,,,01/15/1998,
Der mit dem Fels tanzt,Luis Gert,15,,Switzerland,Ticino,12/18/2021,15,,,,
Story Of Two Worlds,Luis Gert,15,,Switzerland,Ticino,03/24/2019,15,,,,
Childhood Dreams,Lukas Mayerhofer,15,FA,Austria,NÖ,12/29/2019,15,,,06/04/2000,
Obsesja,Lukasz Dudek,15,FA,Poland,Kusieta,11/27/2015,15,,,12/02/1983,
Double Back-Flip,Michael Scholz,15,FA,Germany,Bahratal,01/01/2012,,,,,
Orochi,Makoto Yamauchi,15,,Japan,Kanoto,10/31/2014,15,,,11/14/1994,
Ziqqurat,Marcello Bombardi,15,,Italy,Gaby,11/23/2021,15,,,08/08/1993,
Dreamtime (post break),Marco Müller,15,,Switzerland,Ticino,1/3/2022,15,,,06/26/1996,
Story Of Two Worlds,Marco Müller,15,,Switzerland,Ticino,01/12/2022,15,,,06/26/1996,
Eskerrik Asko,Markel Mendieta,15,FA,Spain,Araotz,12/16/2016,,https://vimeo.com/195822868,,,
Lurragorri,Markel Mendieta,15,FA,Spain,Araotz,04/27/2014,,,,,
Gossip,Markus Bock,15,FA,Germany,Frankenjura,04/15/2002,15,,,02/13/1979,
Gossip,Markus Windisch,15,,Germany,Frankenjura,06/02/2009,,,,05/12/1984,
Der mit dem Fels tanzt,Martin Keller,15,FA,Switzerland,Ticino,04/25/2012,15,,,11/30/1977,1.8
Dreamtime (post break),Martin Keller,15,,Switzerland,Ticino,12/16/2020,15,,,11/30/1977,1.8
Gepresster Hase,Martin Keller,15,FA,Switzerland,Sustenpass,04/30/2014,15,,,11/30/1977,1.8
Ninja Skills SDS,Martin Keller,15.5,FA,Switzerland,Sobrio,5/10/2019,15.5,,,11/30/1977,1.8
Spray of Light,Martin Mobraten,15,,South Africa,Rocklands,06/26/2018,,,,01/01/1982,
Emotional Landscapes,Martin Moser,15,,Austria,Maltatal,01/01/2004,,,,,
Black Panther,Martin Stranik,15,FA,Czech Republic,Vesec,04/21/2021,15,,,03/08/1990,1.78
Catalan Witness the Fitness,Martin Stranik,15,,Spain,Cova de l'Ocell,12/24/2016,15,,,03/08/1990,1.78
Der mit dem Fels tanzt,Martin Stranik,15,,Switzerland,Ticino,02/23/2018,15,,,03/08/1990,1.78
Double Back-Flip,Martin Stranik,15,,Germany,Bahratal,10/25/2021,15,,,03/08/1990,1.78
Drift,Martin Stranik,15,,Czech Republic,Moravský kras,04/28/2019,15,,,03/08/1990,1.78
Ghost Rider,Martin Stranik,15,FA,Czech Republic,Moravský kras,8/6/2019,15,,,03/08/1990,1.78
Iceberg,Martin Stranik,15,FA,Czech Republic,Moravský kras,01/01/2020,15,,,03/08/1990,1.78
Pata Ledovce,Martin Stranik,15,,Czech Republic,Moravský kras,3/21/2019,15,,,03/08/1990,1.78
Practice of the Wild,Martin Stranik,15,,Switzerland,Magic Wood,10/28/2014,15,,,03/08/1990,1.78
Primitivo,Martin Stranik,15,,Switzerland,Valle Bavona,2/8/2020,15,,,03/08/1990,1.78
Story Of Two Worlds,Martin Stranik,15,,Switzerland,Ticino,11/17/2015,15,,,03/08/1990,1.78
Tekuté Štěstí,Martin Stranik,15,FA,Czech Republic,Moravský kras,6/22/2018,15,,,03/08/1990,1.78
Warrior,Martin Stranik,15,FA,Czech Republic,Labské Údolí,02/13/2021,15,,,03/08/1990,1.78
Raha,Masoud Ghasemi,15,FA,Iran,jasb,07/31/2015,15,,,,
Raha,Masoud Ghasemi,15,,Iran,jasb,08/13/2016,15,,,,
Terminator,Masoud Ghasemi,15,FA,Iran,keshar e sofla,10/31/2018,15,,,,
Blade Runner,Matt Fultz,15,,United States,RMNP,07/20/2020,15,,,05/13/1991,1.8
Bridge of Ashes,Matt Fultz,15,,United States,RMNP,5/7/2019,15,,,05/13/1991,1.8
Creature from the Black Lagoon,Matt Fultz,16,,United States,RMNP,07/04/2021,16,,,05/13/1991,1.8
Death Star,Matt Fultz,15,,United States,Eldora,10/24/2020,15,,,05/13/1991,1.8
Delirium,Matt Fultz,15,,United States,Lincoln Lake,06/17/2019,15,,,05/13/1991,1.8
Desperanza,Matt Fultz,15,,United States,Hueco Tanks,02/13/2020,14,,,05/13/1991,1.8
Dreamtime (post break),Matt Fultz,15,,Switzerland,Ticino,03/03/2020,15,,,05/13/1991,1.8
Echalo,Matt Fultz,15,,United States,Clear Creek Canyon,10/04/2020,15,,,05/13/1991,1.8
Everything Gneiss,Matt Fultz,15,,United States,Clear Creek Canyon,05/03/2020,14,,,05/13/1991,1.8
"Expanse, The",Matt Fultz,15,FA,United States,Joe's Valley,02/13/2018,,,,05/13/1991,1.8
"Game, The",Matt Fultz,15,,United States,Boulder Canyon,1/22/2020,15,,,05/13/1991,1.8
Grand Illusion,Matt Fultz,16,,United States,Little Cottonwood Canyon,06/22/2021,16,,,05/13/1991,1.8
Hypnotized Minds,Matt Fultz,16,,United States,RMNP,09/28/2020,16,,,05/13/1991,1.8
Kingdom,Matt Fultz,15,,Switzerland,Ticino,03/11/2020,15,,,05/13/1991,1.8
"Nest, The",Matt Fultz,15,,United States,Red Rock,02/11/2021,15,,,05/13/1991,1.8
Paint it Black,Matt Fultz,15,,United States,RMNP,04/21/2019,15,,,05/13/1991,1.8
Pegasus,Matt Fultz,15,,United States,Joe's Valley,03/23/2021,15,,,05/13/1991,1.8
Railway,Matt Fultz,15,,United States,Boulder/CO,10/15/2019,15,,,05/13/1991,1.8
Sleepwalker,Matt Fultz,16,,United States,Red Rock,2/3/2021,16,,,05/13/1991,1.8
Sound of Violence,Matt Fultz,15,FA,United States,Joe's Valley,03/27/2021,15,,,05/13/1991,1.8
Squoze,Matt Fultz,15,,United States,Red Rock,2/3/2021,14,,,05/13/1991,1.8
Topaz,Matt Fultz,15,,United States,RMNP,11/15/2019,15,,,05/13/1991,1.8
Traffic,Matt Fultz,15,,United States,Scoop,07/15/2021,15,,,05/13/1991,1.8
Undertaker,Matt Fultz,15,,United States,Scoop,07/11/2021,15,,,05/13/1991,1.8
Warp Speed,Matt Fultz,15,FA,United States,Castle Rocks,04/02/2021,15,,,05/13/1991,1.8
Wheel of Wolvo,Matt Fultz,15,,United States,Lincoln Lake,08/24/2016,,https://www.instagram.com/p/BJrSUQggNM_/,,05/13/1991,1.8
Jupiter,Mauricio Huerta,15,FA,Mexico,Mineral del chico,03/15/2020,15,,,04/16/1989,
Tonino 78,Mauro Calibani,15.5,FA,Italy,Meschia,01/24/2004,16,,,,
Big Island,Max Deelen,15,,France,Fontainebleau,01/16/2020,15,,,04/15/1998,
Big Island,Maxime Baroud,15,,France,Fontainebleau,01/22/2020,15,,,,
Metropolis,Michael Duffy,15,FA,Ireland,Lough Tay,01/01/2020,,,,,
Grosse Tarlouze,Michael Piccolruaz,15,FA,Switzerland,Magic Wood,03/31/2015,15,,,12/31/1995,
Sierra Madre,Michael Piccolruaz,15,,Austria,Zillertal,03/15/2020,15,,,12/31/1995,
Big Island,Michiel Nieuwenhuijsen,15,,France,Fontainebleau,12/21/2015,15,,,12/17/1986,
Der mit dem Fels tanzt,Michiel Nieuwenhuijsen,15,,Switzerland,Ticino,10/16/2021,15,,,12/17/1986,
Dreamtime (post break),Michiel Nieuwenhuijsen,15,,Switzerland,Ticino,10/24/2021,15,,,12/17/1986,
Pilier du Désert assis,Michiel Nieuwenhuijsen,15,FA,France,Fontainebleau,3/7/2021,15,,,12/17/1986,
Story Of Two Worlds,Michiel Nieuwenhuijsen,15,,Switzerland,Ticino,1/7/2020,15,,,12/17/1986,
Serenata,Mike Adams,15,FA,United Kingdom,Maltby,02/22/2015,,,,,
Serenation,Mike Adams,15,FA,United Kingdom,Maltby,04/03/2017,,,,,
Childhood Dreams,Moritz Maierhofer,15,,Austria,NÖ,3/4/2020,15,,,07/14/1996,
Noise vs Beauty,Moritz Perwitzschky,15,,South Africa,Rocklands,09/05/2018,,,,01/01/1999,
Half-Life,Moritz Welt,15,,Germany,Frankenjura,11/23/2021,15,,,05/10/2001,
Babel,Motochika Nagao,15,,Japan,Shiobara,11/30/2-13,15,,,,
Byaku-dou,Motochika Nagao,15,,Japan,Hourai,02/18/2015,,https://youtu.be/HDH4i05VsjA,,,
Hydrangea,Motochika Nagao,15,,Japan,Shiobara,03/25/2013,,https://youtu.be/oGelipgP82c,,,
Catalan Witness the Fitness,Nacho Sanchez,15,,Spain,Cova de l'Ocell,02/29/2016,,https://www.youtube.com/watch?v=aXgI4dCBNGw,,,
Crisis,Nacho Sanchez,15.5,FA,Spain,Crevillente,01/19/2015,,https://www.youtube.com/watch?v=bRT9fvNicqo,,,
Cthulhu,Nacho Sanchez,15,FA,Spain,Arnao,05/01/2015,,https://youtu.be/UpafPPRehvk,,,
El Indomable,Nacho Sanchez,15.5,,Spain,Tamajon,02/22/2018,,https://www.instagram.com/p/BeoJSnglULf/,,,
Entropia,Nacho Sanchez,15,FA,Spain,Castillo de Bayuela,03/23/2011,,https://vimeo.com/21393771,,,
Insomnio,Nacho Sanchez,15,FA,Spain,Crevillente,04/04/2012,,https://vimeo.com/39769183,,,
Monkey Wedding,Nacho Sanchez,15,,South Africa,Rocklands,06/27/2015,,,,,
Papa Oso,Nacho Sanchez,15,,Spain,Torrelodones,06/15/2018,,https://www.youtube.com/watch?v=9DqL7HMhO2Y,,,
Alchimiste (right),Nalle Hukkataival,15,FA,France,Fontainebleau,03/16/2015,16,https://www.youtube.com/watch?v=hpqSruvP_U8,,09/08/1986,1.73
Bugeleisen Sit,Nalle Hukkataival,15,FA,Austria,Villach,04/01/2014,,https://www.youtube.com/watch?v=VVv1fazTRN8,,09/08/1986,1.73
Burden of Dreams,Nalle Hukkataival,17,FA,Finland,Lappnor,10/24/2016,17,,,09/08/1986,1.73
Emotional Landscapes,Nalle Hukkataival,15,,Austria,Maltatal,11/12/2014,,,,09/08/1986,1.73
"Finnish Line, The",Nalle Hukkataival,15,FA,South Africa,Rocklands,06/27/2017,,https://www.youtube.com/watch?v=CQfPC4WZy4Q,,09/08/1986,1.73
"Force Tranquille, La",Nalle Hukkataival,15,,Switzerland,Magic Wood,06/18/2013,,https://vimeo.com/68555916,,09/08/1986,1.73
From Dirt Grows the Flowers,Nalle Hukkataival,15,,Switzerland,Ticino,11/30/2012,,,,09/08/1986,1.73
Gioia,Nalle Hukkataival,16,,Italy,Varazze,02/22/2014,,https://www.youtube.com/watch?v=Fezk14WH3jI,,09/08/1986,1.73
Kintsugi,Nalle Hukkataival,15,FA,United States,Red Rock,01/27/2015,,https://vimeo.com/117598230,,09/08/1986,1.73
Livin Large,Nalle Hukkataival,15.5,FA,South Africa,Rocklands,08/14/2009,,,,09/08/1986,1.73
Monkey Wedding,Nalle Hukkataival,15,,South Africa,Rocklands,07/26/2016,,,,09/08/1986,1.73
"Nest, The",Nalle Hukkataival,15,,United States,Red Rock,01/03/2015,,,,09/08/1986,1.73
Noise vs Beauty,Nalle Hukkataival,15,,South Africa,Rocklands,08/10/2015,,https://www.facebook.com/hukkataival/videos/1131481686865384/,,09/08/1986,1.73
Practice of the Wild,Nalle Hukkataival,15,,Switzerland,Magic Wood,06/13/2014,,https://vimeo.com/98173519,,09/08/1986,1.73
Road Sweet Home,Nalle Hukkataival,15,FA,Australia,Grampians,09/01/2014,,,,09/08/1986,1.73
"Rustica, La",Nalle Hukkataival,15,,Switzerland,Valle Bavona,10/01/2018,,https://www.instagram.com/p/BohemFcnrHi/,,09/08/1986,1.73
Sleepwalker,Nalle Hukkataival,16,,United States,Red Rock,02/03/2019,,,,09/08/1986,1.73
"Stepping Stone, The",Nalle Hukkataival,15,FA,Australia,Grampians,09/21/2015,,,,09/08/1986,1.73
Understanding,Nalle Hukkataival,15,FA,Switzerland,Magic Wood,01/01/2013,,http://www.epictv.com/media/podcast/jimmy-webb-beasts-the-understanding-v158c-in-single-session-%7C-epictv-climbing-daily-ep-261/276244?b=1,,09/08/1986,1.73
Asagimadara,Naoki Shimatani,15,,Japan,Mizugaki,10/30/2020,15,,,10/23/1996,1.67
Babel,Naoki Shimatani,15,,Japan,Shiobara,05/25/2021,15,,,10/23/1996,1.67
Hydrangea,Naoki Shimatani,15,,Japan,Shiobara,03/13/2020,15,,,10/23/1996,1.67
Big Island,Nathan Michel,15,,France,Fontainebleau,11/29/2020,15,,,01/01/1994,
Longue promesse,Nathan Michel,15,FA,France,pertuis,10/21/2020,15,,,01/01/1994,
Sleepwalker,Nathan Williams,16,,United States,Red Rock,12/27/2020,16,,,08/31/1998,
Grand Illusion,Nathaniel Coleman,16,FA,United States,Little Cottonwood Canyon,08/27/2020,,,,01/01/1997,1.8
Big Island,Niccolo Ceria,15,,France,Fontainebleau,03/11/2015,15,,,10/08/1993,
Ziqqurat,Niccolo Ceria,15,FA,Italy,Gaby,12/07/2015,15,,,10/08/1993,
Paint it Black,Nicholas Milburn,15,,United States,RMNP,12/24/2016,15,,,02/28/1995,
Southern drawl,Nicholas Milburn,15,,United States,Chattanooga,11/24/2020,15,,,02/28/1995,
Delirium,Nick Bradley,15,,United States,Lincoln Lake,7/14/2021,15,,,02/16/1997,
Paint it Black,Nick Bradley,15,,United States,RMNP,04/07/2021,15,,,02/16/1997,
"Pied a Coulisse, Le",Nico Januel,15,,France,Fontainebleau,03/09/2019,,,,,
Big Island,Nico Pelorson,15,,France,Fontainebleau,12/11/2018,,https://www.youtube.com/watch?v=v_vU8N7HMxU,,06/10/1997,
"Big Island, sit",Nico Pelorson,16.5,,France,Fontainebleau,04/07/2021,16,,,06/10/1997,
No Kpote Only,Nico Pelorson,15,,France,Fontainebleau,01/01/2020,15,,,06/10/1997,
Bugeleisen Sit,Nicolai Užnik,15,,Austria,Villach,12/04/2020,15,,,08/11/2000,
Primitivo,Nicolai Užnik,15,,Switzerland,Valle Bavona,03/16/2021,15,,,08/11/2000,
Witchcraft,Nicolai Užnik,15,FA,Austria,Villach,12/23/2020,15,,,08/11/2000,
Deutschland Meutschland,Niki Rusev,15,,Bulgaria,RiMonastery,11/13/2021,15,,,02/01/2006,
Ephyra,Niky Ceria,16,,Switzerland,Ticino,11/19/2020,,https://www.climbing.com/videos/watch-niky-ceria-make-the-second-ascent-of-ephyra-v16/,,10/08/1993,
From Dirt Grows the Flowers,Nils Favre,15,,Switzerland,Ticino,01/19/2015,15,,,12/02/1991,
Kintsugi,Nils Favre,15,,United States,Red Rock,04/15/2017,,,,12/02/1991,
Love Will Tear Us Apart,Pablo Hammack,15,FA,United States,Yosemite,06/02/2021,15,https://www.youtube.com/watch?v=EFHYbcL3eIM,,02/10/2001,
"Nest, The",Pablo Hammack,15,,United States,Red Rock,12/14/2020,15,https://www.instagram.com/hotfirerigs/p/CIzQmbVD98S/?utm_medium=copy_link,,02/10/2001,
Sleepwalker,Pablo Hammack,16,,United States,Red Rock,02/07/2021,16,https://www.instagram.com/p/CLBPueOD4Nj/?utm_medium=copy_link,,02/10/2001,
Angama,Paul Robinson,15,,France,Fontainebleau,03/23/2011,15,,,08/28/1987,1.8
Delirium,Paul Robinson,15,,United States,Lincoln Lake,09/27/2018,15,,,08/28/1987,1.8
Dicktopia,Paul Robinson,15,,United States,Camp Dick,12/12/2021,15,,,08/28/1987,1.8
"Dragon's Guardian, The",Paul Robinson,15,FA,South Africa,,07/01/2016,,,,08/28/1987,1.8
Dreamtime (post break),Paul Robinson,15,,Switzerland,Ticino,11/25/2010,14,,,08/28/1987,1.8
From Dirt Grows the Flowers,Paul Robinson,15,,Switzerland,Ticino,12/12/2010,15,,left top-out Varian,08/28/1987,1.8
Ice Knife,Paul Robinson,15,,United States,GuanelPass,05/19/2013,14,,,08/28/1987,1.8
Ill Trill,Paul Robinson,15,FA,Switzerland,Magic Wood,10/12/2010,14,,,08/28/1987,1.8
In depths of Solitude,Paul Robinson,15,FA,South Africa,Three corners,07/15/2014,15,,,08/28/1987,1.8
karoshi,Paul Robinson,15,FA,United States,Hueco Tanks,12/15/2018,15,,,08/28/1987,1.8
Lucid Dreaming,Paul Robinson,15,FA,United States,Bishop,03/30/2010,15,,,08/28/1987,1.8
Meadowlark Lemon,Paul Robinson,15,FA,United States,Red Rock,1/12/2012,14,,,08/28/1987,1.8
Monkey Wedding,Paul Robinson,15,,South Africa,Rocklands,08/24/2010,15,,,08/28/1987,1.8
"Nest, The",Paul Robinson,15,,United States,Red Rock,12/24/2013,15,,,08/28/1987,1.8
New Chapter,Paul Robinson,15,FA,United States,Arkansas,03/20/2013,15,,,08/28/1987,1.8
Noise vs Beauty,Paul Robinson,15,,South Africa,Rocklands,07/07/2017,15,,,08/28/1987,1.8
Paint it Black,Paul Robinson,15,,United States,RMNP,4/18/2012,15,,,08/28/1987,1.8
Pirate's Code,Paul Robinson,15,FA,South Africa,Three corners,7/16/2018,15,,,08/28/1987,1.8
Story Of Two Worlds,Paul Robinson,15,,Switzerland,Ticino,3/8/2011,15,,,08/28/1987,1.8
Terremer,Paul Robinson,15,,United States,Hueco Tanks,1/1/2008,15,,,08/28/1987,1.8
Topaz,Paul Robinson,15,,United States,RMNP,10/23/2016,15,,,08/28/1987,1.8
Traffic,Paul Robinson,15,,United States,Scoop,06/11/2020,15,,,08/28/1987,1.8
Trip Hop,Paul Robinson,15,,France,Fontainebleau,2/7/2011,15,,,08/28/1987,1.8
White Noise,Paul Robinson,15,,United States,RMNP,11/11/2013,15,,,08/28/1987,1.8
Story Of Two Worlds,Paweł Jelonek,15,,Switzerland,Ticino,1/28/2018,15,,,07/20/1990,
Knocking on heaven's door,Petr Resch,15,FA,Czech Republic,Petrohrad,11/15/2010,15,,,07/15/1974,
"Anarchiste, L'",Philip Moser,15,FA,France,St Anne,3/23/2003,15,,,,
angeschossenes wolf,Philipp Gaßner,15,,Germany,Kochel,2/6/2021,15,,,09/17/2000,
Drop a line,Pirmin Bertle,16,FA,Switzerland,Cousimbert,4/22/2015,16,,,05/29/1985,
Mediomalomania,Pirmin Bertle,15,FA,Switzerland,Interlaken,11/04/2015,15,,,05/29/1985,
Minimalomania,Pirmin Bertle,15.5,FA,Switzerland,Interlaken,01/29/2013,16,,,05/29/1985,
Underclass poem,Pirmin Bertle,15,FA,Switzerland,Cousimbert,02/04/2015,15,,,05/29/1985,
Wintertime love,Pirmin Bertle,15,FA,Switzerland,Cousimbert,02/08/2015,15,,,05/29/1985,
Boulder Blaster,Pol Roca Lopez,15,FA,Spain,Comarca,12/10/2018,15,,,01/19/1996,1.78
Catalan Witness the Fitness,Pol Roca Lopez,15,,Spain,Cova de l'Ocell,01/04/2019,,https://www.youtube.com/watch?v=qjQHYu0DoOM,,01/19/1996,1.78
PurpPanther,Pol Roca Lopez,15,FA,Spain,Taradell,1/12/2021,15,,,01/19/1996,1.78
Super Blood Wolf Moon,Pol Roca Lopez,15,,Spain,Cova de l'Ocell,06/04/2019,15,,,01/19/1996,1.78
From Dirt Grows the Flowers,Radovan Soucek,15,,Switzerland,Ticino,10/24/2010,,,,,
Monkey Wedding,Rasmus Holm Eskildsen,15,,South Africa,Rocklands,07/22/2019,15,,,04/02/1998,
Asagimadara,Rei Kawamata,15,,Japan,Mizugaki,3/22/2020,15,,,08/06/2003,
Quoi de Neuf,Remy Bergasse,15,FA,France,Fontainebleau,09/29/2008,15,,,11/01/1986,
Bugeleisen Sit,Rok Klancnik,15,,Austria,Villach,04/07/2014,14,,,02/11/1986,
From Dirt Grows the Flowers,Rok Klancnik,15,,Switzerland,Ticino,03/02/2013,15,,,02/11/1986,
Posledni mazoret,Rosta Stefanek,15,FA,Czech Republic,Labské Údolí,10/09/2007,15,,,08/06/1977,
Hypnotized Minds,Rustam Gelmanov,16,,United States,RMNP,06/18/2016,,https://www.facebook.com/TheCircuitClimbing/videos/655022031315905/,,12/06/1987,
Big Island,Ryohei Kameyama,15,,France,Fontainebleau,11/20/2017,15,,,02/07/1997,1.76
Delire Onirique (assis),Ryohei Kameyama,15,,France,Fontainebleau,3/22/2019,15,,,02/07/1997,1.76
Jour de chasse,Ryohei Kameyama,15,,France,Fontainebleau,11/03/2017,14,,,02/07/1997,1.76
Kuzan,Ryohei Kameyama,15,,Japan,Mie,02/12/2019,15,,,02/07/1997,1.76
No Kpote Only,Ryohei Kameyama,15,Unknown Crag,France,Fontainebleau,03/09/2019,16/17,,,02/07/1997,1.76
"Revolutionnaire Extension, La",Ryohei Kameyama,16,,France,Fontainebleau,03/16/2019,16,,,02/07/1997,1.76
Asagimadara,Ryuichi Murai,15,,Japan,Mizugaki,10/15/2016,15,,,06/24/1994,1.67
Babel,Ryuichi Murai,15,,Japan,Shiobara,03/17/2016,15,,,06/24/1994,1.67
Byaku-dou,Ryuichi Murai,15,,Japan,Hourai,4/7/2019,15,,,06/24/1994,1.67
Dreamtime (post break),Ryuichi Murai,15,,Switzerland,Ticino,12/07/2019,15,,,06/24/1994,1.67
Epitaph,Ryuichi Murai,15,,Japan,Hourai,03/29/2017,15,,,06/24/1994,1.67
Floatin,Ryuichi Murai,16,FA,Japan,Mizugaki,12/09/2021,16,,,06/24/1994,1.67
"Game, The",Ryuichi Murai,15,,United States,Boulder Canyon,05/12/2019,15,,,06/24/1994,1.67
Hydrangea,Ryuichi Murai,15,,Japan,Shiobara,04/13/2016,15,,,06/24/1994,1.67
In Search of Time Lost,Ryuichi Murai,15,,Switzerland,Magic Wood,07/04/2017,15,,,06/24/1994,1.67
Nexus,Ryuichi Murai,16,FA,Japan,Shiobara,10/23/2021,16,,,06/24/1994,1.67
Orochi,Ryuichi Murai,15,,Japan,Kanoto,10/20/2015,15,,,06/24/1994,1.67
Practice of the Wild,Ryuichi Murai,15,,Switzerland,Magic Wood,07/09/2017,15,,,06/24/1994,1.67
Rokudo,Ryuichi Murai,15,,Japan,Toyamagawa,04/07/2021,15,,,06/24/1994,1.67
Spray of Light,Ryuichi Murai,15,,South Africa,Rocklands,09/17/2016,15,,,06/24/1994,1.67
Story Of Two Worlds,Ryuichi Murai,15,,Switzerland,Ticino,11/30/2019,15,,,06/24/1994,1.67
United,Ryuichi Murai,16,FA,Japan,Mizugaki,11/07/2019,16,,,06/24/1994,1.67
Vanitas,Ryuichi Murai,15,,Japan,Hourai,03/28/2016,15,,,06/24/1994,1.67
Asagimadara,Sachi Amma,15,,Japan,Mizugaki,03/16/2016,,,,01/01/1989,1.73
Babel,Sachi Amma,15,,Japan,Shiobara,05/14/2014,15,,,01/01/1989,1.73
Hydrangea,Sachi Amma,15,,Japan,Shiobara,05/19/2014,,,,01/01/1989,1.73
Topaz,Sam Weir,15,,United States,RMNP,12/21/2019,,https://vimeo.com/235743730,,,
Story Of Two Worlds,Samuel Ometz,15,,Switzerland,Ticino,12/27/2014,15,,,,
Box Therapy,Sean Bailey,16,,United States,RMNP,10/19/2020,,,,05/20/1996,1.6
Grand Illusion,Sean Bailey,16,,United States,Little Cottonwood Canyon,01/07/2021,,,,05/20/1996,1.6
Pegasus,Sean Bailey,15,,United States,Joe's Valley,11/01/2020,,,,05/20/1996,1.6
Story Of Two Worlds,Sebastian Cotting,15,,Switzerland,Ticino,02/08/2018,,https://vimeo.com/254718115,sit,,
Quoi de Neuf,Sebastien Bouin,15,,France,Fontainebleau,09/27/2015,,,,,
Trip Hop,Sebastien Frigault,15,FA,France,Fontainebleau,5/1/2003,15,,,,
HUNGRY DOG,Sergei Skorodumov,15,FA,Russia,Tiversk,10/16/2021,15,,,,
Off the Wagon Sit,Sergei Topishko,16,,Switzerland,Valle Bavona,12/26/2021,16,,,,
"Rustica, La",Sergei Topishko,15,,Switzerland,Valle Bavona,12/31/2021,15,,,,
Dernier Fléau,Shawn Diamond,15,,France,Fontainebleau,05/23/2007,15,,,,
Big Z,Shawn Raboutou,16,FA,United States,Lake Tahoe,12/1/2020,16,,,04/19/1998,
Blade Runner,Shawn Raboutou,15,,United States,RMNP,07/27/2021,15,,,04/19/1998,
Creature from the Black Lagoon,Shawn Raboutou,16,,United States,RMNP,10/01/2018,,https://www.youtube.com/watch?v=oqWHhcGXjmI,,04/19/1998,
Fallen Angel,Shawn Raboutou,15,,United States,Tahoe,11/08/2021,15,,,04/19/1998,
"Finnish Line, The",Shawn Raboutou,15,,South Africa,Rocklands,06/23/2018,,,,04/19/1998,
Foundation's Edge,Shawn Raboutou,15,,Switzerland,Fionnay,11/23/2018,,,,04/19/1998,
Livin Large,Shawn Raboutou,15.5,,South Africa,Rocklands,10/08/2019,,,Shawn upgraded to 16,04/19/1998,
Monkey Wedding,Shawn Raboutou,15,,South Africa,Rocklands,06/29/2016,,,,04/19/1998,
Off the Wagon Sit,Shawn Raboutou,16,FA,Switzerland,Valle Bavona,02/05/2019,,https://www.youtube.com/watch?v=lOfpAd0St7Q,,04/19/1998,
Roadkill,Shawn Raboutou,15,FA,Switzerland,Valle Bavona,04/06/2020,,,,04/19/1998,
Spray of Light,Shawn Raboutou,15,,South Africa,Rocklands,07/01/2016,,,,04/19/1998,
Babel,Shinichiro Nomura,15,,Japan,Shiobara,05/24/2018,15,,,01/17/1997,1.59
Babylon,Shinichiro Nomura,15,,Japan,Toyota,12/03/2017,15,,,01/17/1997,1.59
Byaku-dou,Shinichiro Nomura,15,,Japan,Hourai,3/20/2020,15,,,01/17/1997,1.59
Hydrangea,Shinichiro Nomura,15,,Japan,Shiobara,05/24/2018,15,,,01/17/1997,1.59
Loca,Shinichiro Nomura,15,FA,Japan,Shiobara,12/30/2021,15,,,01/17/1997,1.59
Mandragora,Shinichiro Nomura,15,,Japan,Shiobara,05/25/2021,15,,,01/17/1997,1.59
Mona Lisa,Shinichiro Nomura,15,,Japan,Hourai,03/29/2020,14,,,01/17/1997,1.59
Nehanna,Shinichiro Nomura,15,,Japan,Gero,12/24/2021,15,,,01/17/1997,1.59
Orochi,Shinichiro Nomura,15,,Japan,Kanoto,02/17/2018,15,,,01/17/1997,1.59
Rokudo,Shinichiro Nomura,15,,Japan,Toyamagawa,03/31/2021,15,,,01/17/1997,1.59
shambala,Shinichiro Nomura,15,,Japan,Toyota,12/14/2017,15,,,01/17/1997,1.59
Vanitas,Shinichiro Nomura,15,,Japan,Hourai,01/14/2021,15,,,01/17/1997,1.59
Ea Yerself Whle,Si O'Conor,15,,Unknown,Coire Lagan,06/02/2005,15,,,,
Hyper ballad,Si O'Conor,15,,Japan,Shiobara,08/13/2004,15,,,,
Raison D'Ere,Si O'Conor,15,,Unknown,Cire Lagan,03/01/2006,15,,,,
Big Conviction,Simon Lorenzi,16,FA,France,Fontainebleau,01/23/2022,16,https://gripped.com/profiles/simon-lorenzi-climbs-new-v16-low-start-on-big-island-bloc/,,01/01/1997,
"Big Island, sit",Simon Lorenzi,16.5,FA,France,Fontainebleau,02/09/2021,17,,,01/01/1997,
"Force Tranquille, La",Simon Lorenzi,15,,Switzerland,Magic Wood,07/21/2021,15,,,01/01/1997,
Off the Wagon Sit,Simon Lorenzi,16,,Switzerland,Valle Bavona,11/26/2021,,,,01/01/1997,
Power of Now,Simon Lorenzi,15,,Switzerland,Magic Wood,07/12/2021,15,,,01/01/1997,
Terremer,Simon Parton,15,,United States,Hueco Tanks,12/16/2015,15,,,08/25/1988,
Megalodonte,Simone Tentori,15,,Italy,Val di Mello,04/17/2021,15,,,04/02/1998,
Callistea,Sorin Oli,15,,Spain,Archidona,08/30/2019,15,,,,
Big Illusion,Stefan Scarperi,15,FA,Italy,Val daone,10/22/2020,15,,,05/01/1991,
Bugeleisen Sit,Stefan Scarperi,15,,Austria,Villach,03/07/2020,15,,,05/01/1991,
Dreamtime (post break),Stefano Carnati,15,,Switzerland,Ticino,12/04/2019,15,,,06/12/1998,
Story Of Two Worlds,Stefano Carnati,15,,Switzerland,Ticino,12/15/2019,15,,,06/12/1998,
Das Schwert,Stephan Rest,15,,Austria,Hammerhöhle,11/18/2020,15,,,06/16/2001,
Stil vor Talent,Stephan Vogt,15,,Switzerland,Magic Wood,06/15/2021,15,,,03/19/1994,
Paint it Black,Tristan Chen,15,,United States,RMNP,03/07/2020,15,https://www.youtube.com/watch?v=PQW3BuSJZL0,,09/24/1996,
In Search of Time Lost,Tamas Zupan,15,,Switzerland,Magic Wood,07/09/2014,15,,,11/17/1987,
Last Jedi,Tamas Zupan,15,FA,Hungary,Remete-barlang,1/11/2018,15,,,11/17/1987,
Zunami,Tamas Zupan,15,,Austria,Innsbruck,05/11/2016,15,,,11/17/1987,
Big Island,Taylor McNeill,15,,France,Fontainebleau,10/23/2017,15,,,03/05/1991,
Moonlight Sonata,Taylor McNeill,16,FA,United States,Joe's Valley,10/03/2021,16,,,03/05/1991,
Southern drawl,Taylor McNeill,15,,United States,Chattanooga,01/16/2019,15,,,03/05/1991,
Squoze,Taylor McNeill,15,,United States,Red Rock,03/19/2019,15,,,03/05/1991,
Foundation's Edge,Teo Genecand,15,,Switzerland,Fionnay,10/01/2020,15,,,05/30/1989,
Dreamtime (post break),Thilo Jeldrik Schroeter,15,,Switzerland,Ticino,03/01/2021,,,,01/02/1996,
Spray of Light,Thilo Jeldrik Schroeter,15,,South Africa,Rocklands,07/13/2018,15,,,01/02/1996,
Squoze,Thilo Jeldrik Schroeter,15,,United States,Red Rock,01/04/2022,15,,,01/02/1996,
Bokassa's Frigde - Assassin Monkey and Man,Thomas Lindinger,15,,Germany,Kochel,11/11/2019,15,,,08/09/1990,
Wheel Of Life,Thomas O'Halloran,15,,Australia,Grampians,10/31/2017,,https://vimeo.com/239218628,,07/22/1992,
Transdendenz,Thomas Willenberg,15,FA,Germany,Sachsen,02/15/2003,15,,,,
Trip Hop,Thomas Willenberg,15,,France,Fontainebleau,02/07/2011,,,,,
Big Island,Tim Reuser,15,,France,Fontainebleau,03/09/2021,15,,,10/25/1993,
Foundation's Edge,Tim Reuser,15,,Switzerland,Fionnay,09/03/2020,15,,,10/25/1993,
Arzak,Toby Saxton,15,,Switzerland,Zürich,1/30/2018,15,,,04/01/1980,1.93
"Finnish Line, The",Toby Saxton,15,,South Africa,Rocklands,9/19/2017,16,,,04/02/1980,1.93
Iechyd da,Toby Saxton,15,FA,Austria,Innsbruck,07/06/2019,15,,,04/03/1980,1.93
Monkey Wedding,Toby Saxton,15,,South Africa,Rocklands,08/21/2017,15,,,04/04/1980,1.93
Practice of the Wild,Toby Saxton,15,,Switzerland,Magic Wood,06/18/2019,15,,,04/05/1980,1.93
Asagimadara,Tokio Muroi,15,FA,Japan,Mizugaki,01/01/2011,15,,,01/01/1973,
Asagimadara,Tomoa Narasaki,15,,Japan,Mizugaki,10/21/2021,,,,06/22/1996,
angeschossenes wolf,Toni Lamprecht,15,FA,Germany,Kochel,03/03/2020,15,,,04/28/1971,1.87
assassin monkey and man,Toni Lamprecht,15,FA,Germany,Kochel,04/09/2008,15,,,04/28/1971,1.87
Bokassa's Fridge,Toni Lamprecht,15,FA,Germany,Kochel,03/01/2006,15,,,04/28/1971,1.87
Bokassa's Frigde - Assassin Monkey and Man,Toni Lamprecht,15,FA,Germany,Kochel,03/07/2009,15,,,04/28/1971,1.87
graublau,Toni Lamprecht,15,FA,Germany,Kochel,02/27/2015,15,,,04/28/1971,1.87
Maria Singer,Toni Lamprecht,15,FA,Germany,Kochel,03/11/2004,15,,,04/28/1971,1.87
REAL ABSURDISTAN,Toni Lamprecht,15,FA,Germany,Kochel,12/02/2019,15,,,04/28/1971,1.87
Asagimadara,Toru Nakajima,15,,Japan,Mizugaki,03/23/2013,,https://www.8a.nu/news/8c-+-by-toru-nakajima,,08/19/1993,
Big Island,Toru Nakajima,15,,France,Fontainebleau,02/25/2013,,,,08/19/1993,
Lucid Dreaming,Toru Nakajima,15,,United States,Bishop,02.20/2017,,https://www.youtube.com/watch?v=1oPBOfakyMg,,08/19/1993,
Paint it Black,Toru Nakajima,15,,United States,RMNP,09/15/2015,,,,08/19/1993,
Story Of Two Worlds,Toru Nakajima,15,,Switzerland,Ticino,03/13/2014,,,,08/19/1993,
Asagimadara,Toshi Takeuchi,15,,Japan,Mizugaki,10/18/2015,15,,,03/30/1986,1.69
Babylon,Toshi Takeuchi,15,FA,Japan,Toyota,11/28/2016,15,,,03/30/1986,1.69
Kuzan,Toshi Takeuchi,15,FA,Japan,Mie,02/19/2017,15,,,03/30/1986,1.69
Monkey Wedding,Toshi Takeuchi,15,,South Africa,Rocklands,08/13/2018,15,,,03/30/1986,1.69
Orochi,Toshi Takeuchi,15,,Japan,Kanoto,04/18/2015,15,,,03/30/1986,1.69
Practice of the Wild,Toshi Takeuchi,15,,Switzerland,Magic Wood,08/15/2015,15,,,03/30/1986,1.69
Spray of Light,Toshi Takeuchi,15,,South Africa,Rocklands,8/1/2016,15,,,03/30/1986,1.69
Practice of the Wild,Tyler Landman,15,,Switzerland,Magic Wood,09/26/2008,15,,,09/22/1990,
End,Urh Cehovin,15,FA,Slovenia,Zalog,11/28/2007,15,https://vimeo.com/63954631?embedded=true&source=video_title&owner=10051062,,07/20/1977,
Black Eagle SD,Vadim Timonov,15,,South Africa,Rocklands,07/06/2019,15,,,11/06/1992,1.8
Dreamtime (post break),Vadim Timonov,15,,Switzerland,Ticino,12/14/2019,15,,,11/06/1992,1.8
"Finnish Line, The",Vadim Timonov,15,,South Africa,Rocklands,7/5/2021,15,,,11/06/1992,1.8
Focus failed,Vadim Timonov,15,FA,Russia,Djan-tugan,10/26/2020,15,,,11/06/1992,1.8
From Dirt Grows the Flowers,Vadim Timonov,15,,Switzerland,Ticino,1/10/2020,15,,,11/06/1992,1.8
Kingdom,Vadim Timonov,15,,Switzerland,Ticino,12/12/2019,15,,,11/06/1992,1.8
Low priora,Vadim Timonov,15.5,FA,Russia,Djan-tugan,10/26/2020,16,,,11/06/1992,1.8
Monkey Wedding,Vadim Timonov,15,,South Africa,Rocklands,07/24/2016,15,,,11/06/1992,1.8
Noise vs Beauty,Vadim Timonov,15,,South Africa,Rocklands,7/17/2019,15,,,11/06/1992,1.8
Petrichor,Vadim Timonov,15,,South Africa,Rocklands,07/10/2021,15,,,11/06/1992,1.8
Practice of the Wild,Vadim Timonov,15,,Switzerland,Magic Wood,10/02/2018,,,,11/06/1992,1.8
Spray of Light,Vadim Timonov,15,,South Africa,Rocklands,07/17/2021,15,,,11/06/1992,1.8
Story Of Two Worlds,Vadim Timonov,15,,Switzerland,Ticino,12/25/2019,15,,,11/06/1992,1.8
Triangular face,Vadim Timonov,15,FA,Russia,Triangular lake,07/09/2017,15,,,11/06/1992,1.8
Understanding,Vadim Timonov,15,,Switzerland,Magic Wood,10/07/2018,15,,,11/06/1992,1.8
Whiplash,Vadim Timonov,15,,Russia,Lietlahti Park,09/10/2021,15,,,11/06/1992,1.8
Big Island,Vincent Ponchon,15,FA,France,Fontainebleau,02/02/2010,15,https://vimeo.com/9158157,,,
Foundation's Edge,William Bosi,15,,Switzerland,Fionnay,09/23/2021,15,,,12/27/1998,
Practice of the Wild,William Bosi,15,,Switzerland,Magic Wood,09/27/2018,15,,,12/27/1998,
Serenata,William Bosi,15,,United Kingdom,Maltby,09/03/2020,15,,,12/27/1998,
Ulls de Bruixa,William Bosi,15,FA,Spain,Siurana,02/11/2021,15,,,12/27/1998,
Dreamtime (post break),Yannick Flohé,15,,Switzerland,Ticino,12/15/2020,15,,,01/01/1999,
Off the Wagon Sit,Yannick Flohé,16,,Switzerland,Valle Bavona,01/01/2022,16,,,01/01/1999,
Low Miall's,Yves Gravelle,15,FA,Canada,Kanata Tremblant,09/24/2021,15,,,07/21/1985,
So What,Yves Gravelle,15,FA,Canada,Kanata Tremblant,10/4/2021,15,,,07/21/1985,
"Game, The",Zach Galla,15,,United States,Boulder Canyon,03/16/2020,15,,,05/01/2000,1.67
Grand Illusion,Zach Galla,16,,United States,Little Cottonwood Canyon,11/14/2021,16,,,05/01/2000,1.67
Pegasus,Zach Galla,15,,United States,Joe's Valley,11/27/2021,15,,,05/01/2000,1.67
Squoze,Zach Galla,15,,United States,Red Rock,11/09/2019,15,,,05/01/2000,1.67