Route,Name,Grade,FA,Country,Area,Date,Suggested Grade,,
4-Low,Daniel Woods,15,FA,Switzerland,Valle Bavona,03/15/2020,15,,
Airian,Iban Larrion,15,FA,Spain,Baltzola,03/15/2012,15,https://www.youtube.com/watch?v=lKm6wRgcqJ4,
Airian,Alberto Rocasolano,15,,Spain,Baltzola,06/06/2016,15,,
Alchimiste (right),Alban Levier,15,,France,Fontainebleau,01/28/2016,15,https://www.facebook.com/alban.levier/videos/121958498186715/,
Alchimiste (right),Nalle Hukkataival,15,FA,France,Fontainebleau,03/16/2015,16,https://www.youtube.com/watch?v=hpqSruvP_U8,
Amazonia,Francis Helias,15,FA,France,Fontainebleau,6/30/2002,15,,
Ambition,James Squire,15,FA,United Kingdom,Biblins Cave,06/16/2020,15,,
"Anarchiste, L'",Philip Moser,15,FA,France,St Anne,3/23/2003,15,,
Angama,Dai Koyamada,15,FA,France,Fontainebleau,10/24/2006,15,,
Angama,Paul Robinson,15,,France,Fontainebleau,03/23/2011,15,,
angeschossenes wolf,Philipp Gaßner,15,,Germany,Kochel,2/6/2021,15,,
angeschossenes wolf,Toni Lamprecht,15,FA,Germany,Kochel,03/03/2020,15,,
Arobayo,Dai Koyamada,15,FA,Japan,Yakushima,01/01/2018,,,
Arzak,Eliot Stephens,15,,Switzerland,Zürich,11/24/2019,15,,
Arzak,Frederic Nicole,15,FA,Switzerland,Zürich,01/01/2016,,https://www.youtube.com/watch?v=TJ95XEmzRlg,
Arzak,Guntram Jorg,15,,Switzerland,Zürich,03/01/2019,15,https://www.youtube.com/watch?v=wR2fYKAvFeI,
Arzak,Toby Saxton,15,,Switzerland,Zürich,1/30/2018,15,,
Asagimadara,Adam Ondra,15,,Japan,Mizugaki,03/16/2016,15,,
Asagimadara,Jongwon Chon,15,,Japan,Mizugaki,03/16/2016,,,
Asagimadara,Keenan Takahashi,15,,Japan,Mizugaki,11/06/2019,,https://www.instagram.com/p/B4hysdtDQIM/,
Asagimadara,Naoki Shimatani,15,,Japan,Mizugaki,10/30/2020,15,,
Asagimadara,Rei kawamata,15,,Japan,Mizugaki,3/22/2020,15,,
Asagimadara,Ryuichi Murai,15,,Japan,Mizugaki,10/15/2016,15,,
Asagimadara,Sachi Amma,15,,Japan,Mizugaki,03/16/2016,,,
Asagimadara,Tokio Muroi,15,FA,Japan,Mizugaki,01/01/2011,,,
Asagimadara,Tomoa Narasaki,15,,Japan,Mizugaki,10/21/2021,,,
Asagimadara,Toru Nakajima,15,,Japan,Mizugaki,03/23/2013,,https://www.8a.nu/news/8c-+-by-toru-nakajima,
Asagimadara,Toshi Takeuchi,15,,Japan,Mizugaki,10/18/2015,15,,
assassin monkey and man,Toni Lamprecht,15,FA,Germany,Kochel,04/09/2008,15,,
Babel,Akira Waku,15,,Japan,Shiobara,03/02/2018,15,https://www.up-climbing.com/it/boulder/news/34930,
Babel,Dai Koyamada,15,FA,Japan,Shiobara,01/31/2007,15,,
Babel,Jun Shibanuma,15,,Japan,Shiobara,05/07/2018,15,,
Babel,Motochika Nagao,15,,Japan,Shiobara,11/30/2-13,15,,
Babel,Naoki Shimatani,15,,Japan,Shiobara,05/25/2021,15,,
Babel,Ryuichi Murai,15,,Japan,Shiobara,03/17/2016,15,,
Babel,Sachi Amma,15,,Japan,Shiobara,05/14/2014,15,,
Babel,Shinichiro Nomura,15,,Japan,Shiobara,05/24/2018,15,,
Babylon,Shinichiro Nomura,15,,Japan,Toyota,12/03/2017,15,,
Babylon,Toshi Takeuchi,15,FA,Japan,Toyota,11/28/2016,15,,
Believe in two,Chris Webb Parsons,15,FA,Switzerland,Magic Wood,10/16/2010,14,,
Belly Of Beast,Chris Webb Parsons,15,FA,United Kingdom,Peak District,11/08/2013,14,,
Big Illusion,Stefan Scarperi,15,FA,Italy,Val daone,10/22/2020,15,,
Big Island,Arjan de Kock,15,,France,Fontainebleau,04/13/2012,,,
Big Island,Coudert Camille,15,,France,Fontainebleau,02/10/2020,15,,
Big Island,Giuliano Cameroni,15,,France,Fontainebleau,02/23/2018,15,,
Big Island,Guillaume Glairon-Mondet,15,,France,Fontainebleau,1/16/2013,15,,
Big Island,James Webb,15,,France,Fontainebleau,2/6/2016,15,,
Big Island,Jan hojer,15,,France,Fontainebleau,01/25/2013,15,,
Big Island,killian chabrier,15,,France,Fontainebleau,2/14/2021,15,,
Big Island,Lucas Menegatti,15,,France,Fontainebleau,01/28/2011,15,,
Big Island,Max Deelen,15,,France,Fontainebleau,01/16/2020,15,,
Big Island,Maxime Baroud,15,,France,Fontainebleau,01/22/2020,15,,
Big Island,Michiel Nieuwenhuijsen,15,,France,Fontainebleau,12/21/2015,15,,
Big Island,Nathan MICHEL,15,,France,Fontainebleau,11/29/2020,15,,
Big Island,Niccolo Ceria,15,,France,Fontainebleau,03/11/2015,15,,
Big Island,Ryohei Kameyama,15,,France,Fontainebleau,11/20/2017,15,,
Big Island,Taylor McNeill,15,,France,Fontainebleau,10/23/2017,15,,
Big Island,Tim Reuser,15,,France,Fontainebleau,03/09/2021,15,,
Big Island,Anthony Gullsten,15,,France,Fontainebleau,03/21/2018,,,
Big Island,Chris Schulte,15,,France,Fontainebleau,02/01/2013,,,
Big Island,Edward Freehally,15,,France,Fontainebleau,11/28/2015,,https://vimeo.com/147247317,
Big Island,Griffin Whiteside,15,,France,Fontainebleau,02/10/2015,,https://vimeo.com/140133292,
Big Island,Jonas Winter,15,,France,Fontainebleau,02/25/2016,,https://www.youtube.com/watch?v=k9u2tZxDszw,
Big Island,Nico Pelorson,15,,France,Fontainebleau,12/11/2018,,https://www.youtube.com/watch?v=v_vU8N7HMxU,
Big Island,Toru Nakajima,15,,France,Fontainebleau,02/25/2013,,,
Big Island,Vincent Ponchon,15,FA,France,Fontainebleau,02/02/2010,,https://vimeo.com/9158157,
"Big Island, sit",Nico Pelorson,16.5,,France,Fontainebleau,04/07/2021,16,,
"Big Island, sit",Simon Lorenzi,16.5,FA,France,Fontainebleau,02/09/2021,17,,
Big Paw,Adam Ondra,15,,Switzerland,Ticino,11/29/2010,14,,
Big Paw,Dave Graham,15,FA,Switzerland,Ticino,11/27/2008,14,,
Big Paw,David Fitzgerald,15,,Switzerland,Ticino,04/05/2018,14,,
Big Paw,G Gu,15,,Switzerland,Ticino,11/24/2011,14,,
Black Eagle SD,Daniel Woods,15,,South Africa,Rocklands,08/17/2018,15,,
Black Eagle SD,Giuliano Cameroni,15,,South Africa,Rocklands,08/18/2018,15,,
Black Eagle SD,Vadim Timonov,15,,South Africa,Rocklands,07/06/2019,15,,
Black Eagle SD,Dave Graham,15,,South Africa,Rocklands,08/27/2018,,https://www.instagram.com/p/BmBwIqlhHhF/,
Black Eagle SD,Frederic Nicole,15,FA,South Africa,Rocklands,8/18/2002,15,,
Black Panther,Martin Stranik,15,FA,Czech Republic,Vesec,04/21/2021,15,,
Blade Runner,Daniel Woods,15,,United States,RMNP,09/21/2020,15,,
Blade Runner,Matt Fultz,15,,United States,RMNP,07/20/2020,15,,
Blade Runner,Ben Burkhalter,15,,United States,RMNP,07/25/2019,15,,
Blade Runner,Giuliano Cameroni,15,FA,United States,RMNP,06/15/2019,15,,
Blood Redemption,Magnus Midtbo,15,FA,Norway,Matre,09/29/2010,15,,
"Boa, Le",Frederic Nicole,15,FA,Switzerland,,09/21/2011,15,,
Bokassa's Fridge,Toni Lamprecht,15,FA,Germany,Kochel,03/01/2006,15,,
Bokassa's Fridge sit,Florian Wientjes,15.5,FA,Germany,Kochel,3/8/2021,15,,
Bokassa's Frigde - Assassin Monkey and Man,Christof Rauch,15,,Germany,Kochel,02/01/2019,15,,
Bokassa's Frigde - Assassin Monkey and Man,Thomas Lindinger,15,,Germany,Kochel,11/11/2019,15,,
Bokassa's Frigde - Assassin Monkey and Man,Toni Lamprecht,15,FA,Germany,Kochel,03/07/2009,15,,
Bongo,Dai Koyamada,15,FA,Germany,Frankenjura,10/28/2007,15,,
Boulder Blaster,Pol Roca Lopez,15,FA,Spain,Comarca,12/10/2018,15,,
Box Therapy,Daniel Woods,16,FA,United States,RMNP,10/29/2018,16,,
Box Therapy,Drew Ruana,16,,United States,RMNP,07/22/2020,,,
Box Therapy,Sean Bailey,16,,United States,RMNP,10/19/2020,,,
Bridge of Ashes,Dave Graham,15,FA,United States,RMNP,03/08/2013,14,,
Bridge of Ashes,Matt Fultz,15,,United States,RMNP,5/7/2019,15,,
Brutal Rider,Adam Ondra,16,,Czech Republic,Sloup,05/25/2020,16,,
Bugeleisen Sit,Jako Schubert,15,,Austria,Villach,04/01/2015,,https://vimeo.com/192769423,
Bugeleisen Sit,Nalle Hukkataival,15,FA,Austria,Villach,04/01/2014,,https://www.youtube.com/watch?v=VVv1fazTRN8,
Bugeleisen Sit,Rok Klancnik,15,,Austria,Villach,04/07/2014,14,,
Bugeleisen Sit,Nicolai Užnik,15,,Austria,Villach,12/04/2020,15,,
Bugeleisen Sit,Stefan Scarperi,15,,Austria,Villach,03/07/2020,15,,
Burden of Dreams,Nalle Hukkataival,17,FA,Finland,Lappnor,10/24/2016,17,,
Byaku-dou,Dai Koyamada,15,FA,Japan,Hourai,11/11/2003,15,,
Byaku-dou,Kazuma Ise,15,,Japan,Hourai,02/08/2020,15,,
Byaku-dou,Motochika Nagao,15,,Japan,Hourai,02/18/2015,,https://youtu.be/HDH4i05VsjA,
Byaku-dou,Ryuichi Murai,15,,Japan,Hourai,4/7/2019,15,,
Byaku-dou,Shinichiro Nomura,15,,Japan,Hourai,3/20/2020,15,,
Callistea,Sorin Oli,15,,Spain,Archidona,08/30/2019,15,,
Carinthian Dreams,Christof Rauch,15,FA,Austria,Kärnten,05/25/2017,15,,
Catalan Witness the Fitness,Felipe Camargo,15,,Spain,Cova de l'Ocell,02/24/2016,15,,
Catalan Witness the Fitness,Jernej Kruder,15,,Spain,Cova de l'Ocell,03/07/2017,15,,
Catalan Witness the Fitness,Martin Stranik,15,,Spain,Cova de l'Ocell,12/24/2016,15,,
Catalan Witness the Fitness,Alberto Rocasolano,15,,Spain,Cova de l'Ocell,12/5/2013,,,
Catalan Witness the Fitness,Chris Sharma,15,FA,Spain,Cova de l'Ocell,02/08/2016,,,
Catalan Witness the Fitness,Dave Macleod,15,,Spain,Cova de l'Ocell,02/04/2018,,https://www.youtube.com/watch?v=z7cSJ0g3kNo,
Catalan Witness the Fitness,Jakob Schubert,15,,Spain,Cova de l'Ocell,01/15/2018,,https://www.youtube.com/watch?v=z7cSJ0g3kNo,
Catalan Witness the Fitness,Nacho Sanchez,15,,Spain,Cova de l'Ocell,02/29/2016,,https://www.youtube.com/watch?v=aXgI4dCBNGw,
Catalan Witness the Fitness,Pol Roca Lopez,15,,Spain,Cova de l'Ocell,01/04/2019,,https://www.youtube.com/watch?v=qjQHYu0DoOM,
Catalan Witness the Fitness,Beto Rocasolano,15,,Spain,Cova de l'Ocell,02/19/2016,,,
Cháron,Adam Ondra,15,FA,Czech Republic,Petrohrad,10/15/2011,15,,
Childhood Dreams,Lukas Mayerhofer,15,FA,Austria,NÖ,12/29/2019,15,,
Childhood Dreams,Moritz Maierhofer,15,,Austria,NÖ,3/4/2020,15,,
Chuchi,Jesús Muñoz Vaquero,15,FA,Spain,Madrid,09/05/2019,15,,
Človek ne jezi se,Matej Sova,16,,Slovenia,Misja Pec,3/18/2004,16,,
Colombe,Dave Graham,15,FA,Switzerland,Vernayaz,12/19/2016,,https://www.instagram.com/p/BRHtmkzD371/,
Creature from the Black Lagoon,Carlo Traversi,16,,United States,RMNP,07/24/2020,16,,
Creature from the Black Lagoon,Daisuke Ichimiya,16,,United States,RMNP,09/15/2017,16,,
Creature from the Black Lagoon,Daniel Woods,16,FA,United States,RMNP,09/28/2016,16,,
Creature from the Black Lagoon,Dylan Barks,16,,United States,RMNP,08/31/2021,16,,
Creature from the Black Lagoon,James Webb,16,,United States,RMNP,08/20/2017,16,,
Creature from the Black Lagoon,Matt Fultz,16,,United States,RMNP,07/04/2021,16,,
Creature from the Black Lagoon,Peter Satt,16,,United States,RMNP,08/18/2021,16,,
Creature from the Black Lagoon,Dave Graham,16,,United States,RMNP,10/25/2016,,,
Creature from the Black Lagoon,Drew Ruana,16,,United States,RMNP,08/30/2020,,,
Creature from the Black Lagoon,Griffin Whiteside,16,,United States,RMNP,07/01/2018,,,
Creature from the Black Lagoon,Shawn Raboutou,16,,United States,RMNP,10/01/2018,,https://www.youtube.com/watch?v=oqWHhcGXjmI,
Crisis,Alberto Rocasolano,15.5,,Spain,Crevillente,01/16/2017,,,
Crisis,Jonathan Flor Vazquez,15.5,,Spain,Crevillente,01/04/2017,,,
Crisis,Nacho Sanchez,15.5,FA,Spain,Crevillente,01/19/2015,,https://www.youtube.com/watch?v=bRT9fvNicqo,
Crystal Ship,Clément Lechaptois,15,,Switzerland,Ticino,1/10/2021,15,,
Crystal Ship,Giuliano Cameroni,15,FA,Switzerland,Ticino,01/08/2021,15,,
Crystal Ship,Kim Marschner,15,,Switzerland,Ticino,01/08/2022,15,,
Cthulhu,Nacho Sanchez,15,FA,Spain,Arnao,05/01/2015,,https://youtu.be/UpafPPRehvk,
Dagger sit,jedrzej wilczynski,15,,Switzerland,Ticino,07/23/2018,15,,
Das Schwert,Stephan Rest,15,,Austria,Hammerhöhle,11/18/2020,15,,
Death Star,Matt Fultz,15,,United States,Eldora,10/24/2020,15,,
Death Star,Daniel Woods,15,FA,United States,Eldora,04/22/2020,15,,
Defying Gravity,Daniel Woods,15,FA,United States,South Platte,11/16/2013,15,,
Defying Gravity,James Webb,15,,United States,South Platte,11/21/2014,15,,
Delire Onirique (assis),Charles Albert,15,FA,France,Fontainebleau,01/09/2017,,,
Delire Onirique (assis),Ryohei Kameyama,15,,France,Fontainebleau,3/22/2019,15,,
Delirium,Daniel Woods,15,,United States,Lincoln Lake,09/18/2013,15,,
Delirium,James Webb,15,FA,United States,Lincoln Lake,09/10/2013,15,,
Delirium,Matt Fultz,15,,United States,Lincoln Lake,06/17/2019,15,,
Delirium,Nick Bradley,15,,United States,Lincoln Lake,7/14/2021,15,,
Delirium,Paul Robinson,15,,United States,Lincoln Lake,09/27/2018,15,,
Delirium,Peter Satt,15,,United States,Lincoln Lake,06/30/2021,15,,
Delirium,Dave Graham,15,,United States,Lincoln Lake,06/27/2016,,,
Delirium,Griffin Whiteside,15,,United States,Lincoln Lake,06/18/2017,,,
Der mit dem Fels tanzt,Dai Koyamada,15,,Switzerland,Ticino,10/28/2012,,,
Der mit dem Fels tanzt,Martin Keller,15,FA,Switzerland,Ticino,04/25/2012,,,
Der mit dem Fels tanzt,Christof Rauch,15,,Switzerland,Ticino,12/29/2018,15,,
Der mit dem Fels tanzt,Giuliano Cameroni,15,,Switzerland,Ticino,02/07/2017,15,,
Der mit dem Fels tanzt,James Webb,15,,Switzerland,Ticino,04/03/2019,15,,
Der mit dem Fels tanzt,Luis Gert,15,,Switzerland,Ticino,12/18/2021,15,,
Der mit dem Fels tanzt,Martin Stranik,15,,Switzerland,Ticino,02/23/2018,15,,
Der mit dem Fels tanzt,Michiel Nieuwenhuijsen,15,,Switzerland,Ticino,10/16/2021,15,,
Dernier Fléau,Shawn Diamond,15,,France,Fontainebleau,05/23/2007,15,,
Desperanza,Chris Webb Parsons,15,,United States,Hueco Tanks,02/01/2012,14,,
Desperanza,Matt Fultz,15,,United States,Hueco Tanks,02/13/2020,14,,
Deutschland Meutschland,Niki Rusev,15,,Bulgaria,RiMonastery,11/13/2021,15,,
Dicktopia,Daniel Woods,15,FA,United States,Camp Dick,01/09/2020,,,
Dicktopia,Drew Ruana,15,,United States,Camp Dick,10/01/2020,,,
Dicktopia,James Webb,15,,United States,Camp Dick,10/05/2020,15,,
Dicktopia,Paul Robinson,15,,United States,Camp Dick,12/12/2021,15,,
Direct Hit,Daniel Woods,15,FA,Brazil,Ubatuba,7/10/2019,15,,
Direct Hit,Felipe Camargo,15,,Brazil,Ubatuba,08/26/2020,15,,
Double Back-Flip,Martin Stranik,15,,Germany,Bahratal,10/25/2021,15,,
Double Back-Flip,M Scholz,15,FA,Germany,Bahratal,01/01/2012,,,
"Dragon's Guardian, The",Paul Robinson,15,FA,South Africa,,07/01/2016,,,
Dreamtime (post break),Alex Khazanov,15,,Switzerland,Ticino,10/11/2021,15,,
Dreamtime (post break),Austin Purdy,15,,Switzerland,Ticino,01/16/2022,15,,
Dreamtime (post break),Carlo Traversi,15,,Switzerland,Ticino,03/13/2020,15,,
Dreamtime (post break),David Firnenburg,15,,Switzerland,Ticino,12/23/2018,15,,
Dreamtime (post break),elias iagnemma,15,,Switzerland,Ticino,01/20/2021,15,,
Dreamtime (post break),Fabian Buhl,15,,Switzerland,Ticino,03/13/2013,15,,
Dreamtime (post break),Giuliano Cameroni,15,,Switzerland,Ticino,01/06/2015,15,,
Dreamtime (post break),James Webb,15,,Switzerland,Ticino,02/13/2018,15,,
Dreamtime (post break),Jan hojer,15,,Switzerland,Ticino,2/18/2013,15,,
Dreamtime (post break),Jernej Kruder,15,,Switzerland,Ticino,11/09/2019,15,,
Dreamtime (post break),Kim Marschner,15,,Switzerland,Ticino,11/29/2020,15,,
Dreamtime (post break),Marco Müller,15,,Switzerland,Ticino,1/3/2022,15,,
Dreamtime (post break),Matt Fultz,15,,Switzerland,Ticino,03/03/2020,15,,
Dreamtime (post break),Michiel Nieuwenhuijsen,15,,Switzerland,Ticino,10/24/2021,15,,
Dreamtime (post break),Paul Robinson,15,,Switzerland,Ticino,11/25/2010,14,,
Dreamtime (post break),Ryuichi Murai,15,,Switzerland,Ticino,12/07/2019,15,,
Dreamtime (post break),Stefano Carnati,15,,Switzerland,Ticino,12/04/2019,15,,
Dreamtime (post break),Vadim Timonov,15,,Switzerland,Ticino,12/14/2019,15,,
Dreamtime (post break),Yannick Flohé,15,,Switzerland,Ticino,12/15/2020,15,,
Dreamtime (post break),Thilo Jeldrik Schroeter,15,,Switzerland,Ticino,03/01/2021,,,
Drift,Adam Ondra,15,FA,Czech Republic,Holstejn,10/08/2017,15,,
Drift,Martin Stranik,15,,Czech Republic,Moravský kras,04/28/2019,15,,
Drop a line,Pirmin Bertle,16,FA,Switzerland,Cousimbert,4/22/2015,16,,
Dust Devil,Bern Schwaiger,15,FA,Austria,Innsbruck,4/15/2009,15,,
Dust Devil,Christof Rauch,15,,Austria,Saalachtal,11/14/2018,14,,
Ea Yerself Whle,Si O'Conor,15,,Unknown,Coire Lagan,06/02/2005,15,,
Ebony and Ivory,John Cohee,15,FA,United States,Logan Canyon,05/22/2021,15,,
Echalo,Matt Fultz,15,,United States,Clear Creek Canyon,10/04/2020,15,,
El Diablo,Daniel Woods,15,FA,Mexico,Penoles,01/19/2014,15,,
El Indomable,Alberto Rocasolano,15.5,FA,Spain,Tamajon,10/19/2017,,,
El Indomable,Nacho Sanchez,15.5,,Spain,Tamajon,02/22/2018,,https://www.instagram.com/p/BeoJSnglULf/,
Emotional Landscapes,Florian Schmalzl,15,,Austria,Maltatal,11/27/2017,,,
Emotional Landscapes,Klem Loskot,15,FA,Austria,Maltatal,11/10/2002,,,
Emotional Landscapes,Martin Moser,15,,Austria,Maltatal,01/01/2004,,,
Emotional Landscapes,Nalle Hukkataival,15,,Austria,Maltatal,11/12/2014,,,
END,Urh Cehovin,15,FA,Slovenia,Zalog,11/28/2007,15,,
Entropia,Alberto Rocasolano,15,,Spain,Castillo de Bayuela,03/14/2016,,,
Entropia,Ignacio Mulero,15,,Spain,Castillo de Bayuela,03/14/2016,,,
Entropia,Nacho Sanchez,15,FA,Spain,Castillo de Bayuela,03/23/2011,,https://vimeo.com/21393771,
Entropia,Jesús Muñoz Vaquero,15,,Spain,Castillo de bayuela,12/10/2021,15,,
Ephyra,Giuliano Cameroni,16,,Switzerland,Ticino,03/16/2021,16,,
Ephyra,James Webb,16,FA,Switzerland,Ticino,03/29/2019,16,,
Ephyra,Niky Ceria,16,,Switzerland,Ticino,11/19/2020,,https://www.climbing.com/videos/watch-niky-ceria-make-the-second-ascent-of-ephyra-v16/,
Epitaph,Dai Koyamada,15,FA,Japan,Hourai,01/20/2009,,,
Epitaph,Ryuichi Murai,15,,Japan,Hourai,03/29/2017,15,,
Equanimity,Carlo Traversi,15,FA,United States,Tahoe,11/3/2020,15,,
Eskerrik Asko,Markel Mendieta,15,FA,Spain,Araotz,12/16/2016,,https://vimeo.com/195822868,
Eternal,Dai Koyamada,15,FA,Japan,Hinokage,01/05/2013,,,
Eternal,kazuma watanabe,15,,Japan,Hinokage,4/10/2015,15,,
Eternal Sunshine,Jongwon Chon,15,FA,South Korea,Mudeungsan National Park,11/11/2016,,,
Eterno Legado,Alberto Rocasolano,15,FA,Spain,Hoya Moros,09/24/2019,,,
Everything Gneiss,Matt Fultz,15,,United States,Clear Creek Canyon,05/03/2020,14,,
"Expanse, The",Matt Fultz,15,FA,United States,Joe's Valley,02/13/2018,,,
Exradiin,Si O'Conor,15,FA,Unknown,Cire Lagan,12/19/2003,15,,
Extrasystole,elias iagnemma,15,FA,Italy,Poggio umbricchio,01/20/2021,15,,
"Finnish Line, The",Daniel Woods,15,,South Africa,Rocklands,6/28/2018,15,,
"Finnish Line, The",Giuliano Cameroni,15,,South Africa,Rocklands,09/05/2019,15,,
"Finnish Line, The",James Webb,15,,South Africa,Rocklands,06/29/2019,15,,
"Finnish Line, The",Toby Saxton,15,,South Africa,Rocklands,9/19/2017,16,,
"Finnish Line, The",Vadim Timonov,15,,South Africa,Rocklands,7/5/2021,15,,
"Finnish Line, The",Alex Megos,15,,South Africa,Rocklands,07/24/2017,,,
"Finnish Line, The",Daisuke Ichimiya,15,,South Africa,Rocklands,08/01/2018,,https://www.instagram.com/p/Bm1xFpkjJlo/,
"Finnish Line, The",Nalle Hukkataival,15,FA,South Africa,Rocklands,06/27/2017,,https://www.youtube.com/watch?v=CQfPC4WZy4Q,
"Finnish Line, The",Shawn Raboutou,15,,South Africa,Rocklands,06/23/2018,,,
Floatin,Ryuichi Murai,16,FA,Japan,Mizugaki,12/09/2021,16,,
Focus failed,Vadim Timonov,15,FA,Russia,Djan-tugan,10/26/2020,15,,
Force,Camil Courdet,16,FA,France,Fontainebleau,05/01/2019,,https://youtu.be/lq467OuFZ2k,
Force,Coudert Camille,16,,France,Fontainebleau,5/7/2019,16,,
Force,killian chabrier,16,,France,Fontainebleau,04/06/2021,16,,
FORCE OBSCURE,Coudert Camille,15,FA,France,Fontainebleau,07/04/2020,15,,
FORCE OBSCURE,killian chabrier,15,,France,Fontainebleau,4/21/2021,15,,
"Force Tranquille, (direct)",Jakob Schubert,15,FA,Switzerland,Magic Wood,11/01/2020,,,Also sent the non-direct variation 2 days prior to the direct.
"Force Tranquille, La",Daniel Woods,15,FA,Switzerland,Magic Wood,10/15/2011,15,,
"Force Tranquille, La",Giuliano Cameroni,15,,Switzerland,Magic Wood,06/19/2021,15,,
"Force Tranquille, La",Daniel Woods,15,FA,Switzerland,Magic Wood,11/16/2020,,https://www.youtube.com/watch?v=0Mzks6Cqd3c,
"Force Tranquille, La",Giuliano Cameroni,15,,Switzerland,Magic Wood,06/01/2021,,,
"Force Tranquille, La",Nalle Hukkataival,15,,Switzerland,Magic Wood,06/18/2013,,https://vimeo.com/68555916,
Fortaleza,Felipe Camargo,15,FA,Brazil,Ubatuba,07/16/2014,,,
Foundation's Edge,Shawn Raboutou,15,,Switzerland,Fionnay,11/23/2018,,,
Foundation's Edge,Clément Lechaptois,15,,Switzerland,Fionnay,10/23/2019,15,,
Foundation's Edge,Dave Graham,15,FA,Switzerland,Fionnay,10/15/2013,15,,
Foundation's Edge,Dylan Chuat,15,,Switzerland,Fionnay,07/04/2020,15,,
Foundation's Edge,Teo Genecand,15,,Switzerland,Fionnay,10/01/2020,15,,
Foundation's Edge,Tim Reuser,15,,Switzerland,Fionnay,09/03/2020,15,,
Foundation's Edge,William Bosi,15,,Switzerland,Fionnay,09/23/2021,15,,
From Dirt Grows the Flowers,Bernd Zangerl,15,,Switzerland,Ticino,03/17/2009,,,
From Dirt Grows the Flowers,Kilian Fischhuber,15,,Switzerland,Ticino,02/11/2015,,,
From Dirt Grows the Flowers,Nalle Hukkataival,15,,Switzerland,Ticino,11/30/2012,,,
From Dirt Grows the Flowers,Radovan Soucek,15,,Switzerland,Ticino,10/24/2010,,,
From Dirt Grows the Flowers,Paul Robinson,15,,Switzerland,Ticino,12/12/2010,15,,left top-out Varian
From Dirt Grows the Flowers,Adam Ondra,15,,Switzerland,Ticino,11/30/2010,15,,
From Dirt Grows the Flowers,Alexey Rubtsov,15,,Switzerland,Ticino,01/09/2017,15,,
From Dirt Grows the Flowers,Christof Rauch,15,,Switzerland,Ticino,01/26/2019,15,,
From Dirt Grows the Flowers,Dave Graham,15,FA,Switzerland,Ticino,03/07/2005,15,,
From Dirt Grows the Flowers,elias iagnemma,15,,Switzerland,Ticino,11/6/2021,15,,
From Dirt Grows the Flowers,Eliot Stephens,15,,Switzerland,Ticino,02/20/2020,15,,
From Dirt Grows the Flowers,James Webb,15,,Switzerland,Ticino,03/22/2019,15,,
From Dirt Grows the Flowers,Jan hojer,15,,Switzerland,Ticino,03/08/2015,15,,
From Dirt Grows the Flowers,Kim Marschner,15,,Switzerland,Ticino,01/02/2020,15,,
From Dirt Grows the Flowers,Nils Favre,15,,Switzerland,Ticino,01/19/2015,15,,
From Dirt Grows the Flowers,Rok Klancnik,15,,Switzerland,Ticino,03/02/2013,15,,
From Dirt Grows the Flowers,Vadim Timonov,15,,Switzerland,Ticino,1/10/2020,15,,
Frozen Water,Alexander Feichter,15,FA,Italy,Gais,4/6/2018,15,,
Game,Carlo Traversi,15,,United States,Boulder Canyon,03/13/2011,15,,
Game,Daniel Woods,15,FA,United States,Boulder Canyon,02/10/2010,15,,
Game,James Webb,15,,United States,Boulder Canyon,1/16/2016,15,,
Game,Jon Cardwell,15,,United States,Boulder Canyon,01/08/2013,15,,
Game,Matt Fultz,15,,United States,Boulder Canyon,1/22/2020,15,,
Game,Ryuichi Murai,15,,United States,Boulder Canyon,05/12/2019,15,,
Game,Zach Galla,15,,United States,Boulder Canyon,03/16/2020,15,,
Gekirin,Dai Koyamada,15,FA,Japan,Ryutosen,01/01/2018,,,
Gekirin,Daisuke Ichimiya,15,,Japan,Ryutosen,3/11/2018,15,,
Ghost Rider,Adam Ondra,15,,Czech Republic,Moravský kras,09/24/2019,15,,
Ghost Rider,Martin Stranik,15,FA,Czech Republic,Moravský kras,8/6/2019,15,,
Gioia,Adam Ondra,16,,Italy,Varazze,12/6/2011,16,,
Gioia,Christian Core,16,FA,Italy,Varazze,01/01/2008,,https://vimeo.com/71151970,"Historic - proposed first V16, lots of debate over chipping, gluing, etc.: https://www.reddit.com/r/bouldering/comments/9kxbpr/what_was_the_first_v16_in_the_world/"
Gioia,elias iagnemma,16,,Italy,Varazze,02/13/2021,16,,
Gioia,Nalle Hukkataival,16,,Italy,Varazze,02/22/2014,,https://www.youtube.com/watch?v=Fezk14WH3jI,
Gossip,John Gaskins,15,,Germany,Frankenjura,07/20/2004,,,
Gossip,Markus Bock,15,FA,Germany,Frankenjura,04/15/2002,15,,
Gossip,Markus Windisch,15,,Germany,Frankenjura,06/02/2009,,,
Gran Paradiso,Giuliano Cameroni,15,FA,Italy,Valdell'orco,11/13/2019,15,,
Grand Illusion,Daniel Woods,16,,United States,Little Cottonwood Canyon,6/7/2021,16,,
Grand Illusion,Matt Fultz,16,,United States,Little Cottonwood Canyon,06/22/2021,16,,
Grand Illusion,Zach Galla,16,,United States,Little Cottonwood Canyon,11/14/2021,16,,
Grand Illusion,Nathaniel Coleman,16,FA,United States,Little Cottonwood Canyon,08/27/2020,,,
Grand Illusion,Sean Bailey,16,,United States,Little Cottonwood Canyon,01/07/2021,,,
graublau,Toni Lamprecht,15,FA,Germany,Kochel,02/27/2015,15,,
grosse Tarlouze,Christof Rauch,15,,Switzerland,Magic Wood,05/30/2019,15,,
grosse Tarlouze,Giani Clement,15,,Switzerland,Magic Wood,11/8/2019,15,,
grosse Tarlouze,Michael Piccolruaz,15,FA,Switzerland,Magic Wood,03/31/2015,15,,
Half-Life,Felix Knaub,15,FA,Germany,Frankenjura,01/01/2012,,,
Half-Life,Moritz Welt,15,,Germany,Frankenjura,11/23/2021,15,,
Hallucination,Kazuma Ise,16,FA,Japan,Hourai,11/3/2020,14,,
Harder Better Faster,Charles Albert,15,FA,Switzerland,,01/08/2020,,,
Hazel Grace,Giuliano Cameroni,15,FA,Switzerland,Ticino,08/01/2017,16,,
Heavens Gate,James Webb,15,FA,United States,California,06/30/2020,15,,
Hipoxia,Alberto Rocasolano,15,FA,Spain,Navalosa,03/04/2018,,,
Horizon,Ashima Shiraishi,15,,Japan,Mt. Hiei,03/21/2016,15,,
Horizon,Daisuke Ichimiya,15,,Japan,Mt. Hiei,01/13/2017,15,,
Horizon,Dai Koyamada,15,FA,Japan,Mt. Hiei,05/14/2015,,,
Hull Shea Nation,Dai Koyamada,15,FA,Japan,Hourai,03/29/2017,,,
HUNGRY DOG,Sergei Skorodumov,15,FA,Russia,Tiversk,10/16/2021,15,,
Hurricane,Bern Schwaiger,15,FA,Austria,Birgkar,06/14/2009,15,,
Hydrangea,Dai Koyamada,15,FA,Japan,Shiobara,04/22/2005,15,,
Hydrangea,Daniel Woods,15,,Japan,Shiobara,2/14/2013,15,,
Hydrangea,Motochika Nagao,15,,Japan,Shiobara,03/25/2013,,https://youtu.be/oGelipgP82c,
Hydrangea,Naoki Shimatani,15,,Japan,Shiobara,03/13/2020,15,,
Hydrangea,Ryuichi Murai,15,,Japan,Shiobara,04/13/2016,15,,
Hydrangea,Sachi Amma,15,,Japan,Shiobara,05/19/2014,,,
Hydrangea,Shinichiro Nomura,15,,Japan,Shiobara,05/24/2018,15,,
Hymn,Jongwon Chon,15,FA,South Korea,Mudeungsan National Park,12/11/2016,,https://www.instagram.com/p/BN4DlHRANYz/,
Hyper ballad,Si O'Conor,15,,Japan,Shiobara,08/13/2004,15,,
Hyper ballad,Dai Koyamada,15,FA,Japan,Shiobara,03/31/2006,15,,
Hypnotized Minds,Daniel Woods,16,FA,United States,RMNP,10/21/2010,16,,
Hypnotized Minds,Matt Fultz,16,,United States,RMNP,09/28/2020,16,,
Hypnotized Minds,Dave Graham,16,,United States,RMNP,01/10/2019,,,
Hypnotized Minds,Rustam Gelmanov,16,,United States,RMNP,06/18/2016,,https://www.facebook.com/TheCircuitClimbing/videos/655022031315905/,
Hypothese Assis,Charles Albert,16,FA,France,Fontainebleau,12/8/2018,,,
Ice Knife,Daniel Woods,15,FA,United States,GuanelPass,11/02/2013,15,,
Ice Knife,Dave Graham,15,FA,United States,GuanelPass,10/18/2011,14,,
Ice Knife,Paul Robinson,15,,United States,GuanelPass,05/19/2013,14,,
Ice Storm,Bern Schwaiger,15,FA,Austria,Großarltal,02/07/2015,15,,
Iceberg,Adam Ondra,15,,Czech Republic,Moravský kras,4/23/2020,15,,
Iceberg,Martin Stranik,15,FA,Czech Republic,Moravský kras,01/01/2020,15,,
Iechyd da,Toby Saxton,15,FA,Austria,Innsbruck,07/06/2019,15,,
Il Pirata,John Gaskins,15,FA,United Kingdom,Lake District,02/01/2004,,,
Ill Trill,Paul Robinson,15,FA,Switzerland,Magic Wood,10/12/2010,14,,
In depths of Solitude,Paul Robinson,15,FA,South Africa,Three corners,07/15/2014,15,,
In Search of Time Lost,Carlo Traversi,15,,Switzerland,Magic Wood,10/19/2012,15,,
In Search of Time Lost,Dai Koyamada,15,,Switzerland,Magic Wood,08/30/2011,,,
In Search of Time Lost,Daniel Woods,15,FA,Switzerland,Magic Wood,5/9/2008,15,,
In Search of Time Lost,Ryuichi Murai,15,,Switzerland,Magic Wood,07/04/2017,15,,
In Search of Time Lost,Tamas Zupan,15,,Switzerland,Magic Wood,07/09/2014,15,,
Insanity of Grandeur,Chris Webb Parsons,15,,Switzerland,Ticino,12/20/2013,14,,
Insomniac,Drew Ruana,16,FA,United States,Lincoln Lake,07/11/2021,,,
Insomnio,Nacho Sanchez,15,FA,Spain,Crevillente,04/04/2012,,https://vimeo.com/39769183,
Iron Knuckles,Christof Rauch,15,FA,Austria,Kärnten,05/14/2017,15,,
Island,Dave Graham,15,FA,France,Fontainebleau,04/07/2008,14,,
Jour de Chasse,Guillaume Glairon-Mondet,15,,France,Fontainebleau,01/21/2014,15,,
Jour de Chasse,Jan hojer,15,FA,France,Fontainebleau,12/8/2013,15,,
Jour de Chasse,kevin LOPATA,15,,France,Fontainebleau,02/03/2016,15,,
Jour de Chasse,Levier Alban,15,,France,Fontainebleau,12/09/2016,15,,
Jour de chasse,Ryohei Kameyama,15,,France,Fontainebleau,11/03/2017,14,,
Jupiter,Mauricio Huerta,15,FA,Mexico,Mineral del chico,03/15/2020,15,,
Kaisen,Jorge diaz-rullo,15.5,,Spain,Madrid,11/07/2017,15,,
Kaisen,Alberto Rocasolano,15.5,FA,Spain,Madrid,10/07/2016,16,,
Karamu,Dai Koyamada,15,FA,Japan,,04/29/2020,,,
karoshi,Paul Robinson,15,FA,United States,Hueco Tanks,12/15/2018,15,,
Khoikhoi,James Webb,15,FA,South Africa,N1,06/22/2014,15,,
Kikela,Isaac Montes,15,FA,Spain,Teverga,07/01/2015,,,
Kimera,Christian Core,15,FA,Italy,Rifugio Barbara,01/01/2006,,https://youtu.be/QqcvQYqoSZg,
Kimera,elias iagnemma,15,,Italy,Rifugio barbara,08/09/2021,15,,
Kingdom,Carlo Traversi,15,FA,Switzerland,Ticino,03/31/2013,15,,
Kingdom,Daniel Woods,15,,Switzerland,Ticino,04/16/2019,15,,
Kingdom,elias iagnemma,15,,Switzerland,Ticino,01/20/2021,15,,
Kingdom,James Webb,15,,Switzerland,Ticino,03/19/2014,15,,
Kingdom,Matt Fultz,15,,Switzerland,Ticino,03/11/2020,15,,
Kingdom,Vadim Timonov,15,,Switzerland,Ticino,12/12/2019,15,,
Kintsugi,James Webb,15,,United States,Red Rock,12/19/2016,15,,
Kintsugi,M ario,15,,United States,Red Rock,12/10/2018,15,,
Kintsugi,Ethan Pringle,15,,United States,Red Rock,01/13/2019,,,
Kintsugi,Keenan Takahashi,15,,United States,Red Rock,01/01/2019,,https://www.youtube.com/watch?v=vDm_9J8REfY,
Kintsugi,Nalle Hukkataival,15,FA,United States,Red Rock,01/27/2015,,https://vimeo.com/117598230,
Kintsugi,Nils Favre,15,,United States,Red Rock,04/15/2017,,,
Knocking on heaven's door,Petr Resch,15,FA,Czech Republic,Petrohrad,11/15/2010,15,,
Kráter,Adam Ondra,15,FA,Czech Republic,Holstejn,06/24/2017,15,,
Kryptos,elias iagnemma,15,,Switzerland,Basler Jura,1/20/2021,15,,
Kryptos,Kevin Heiniger,15,,Switzerland,Basler Jura,4/24/2017,15,,
Kryptos,Franz Widmer,15,FA,Switzerland,Basler Jura,07/25/2009,,https://youtu.be/w-1aas77EDM,
Kryptos,Frederic Nicole,15,,Switzerland,Basler Jura,10/29/2009,,,
Kryptos,Kaddi Lehmann,15,,Switzerland,Basler Jura,04/29/2020,,,
Kuzan,Ryohei Kameyama,15,,Japan,Mie,02/12/2019,15,,
Kuzan,Toshi Takeuchi,15,FA,Japan,Mie,02/19/2017,15,,
Last Jedi,Tamas Zupan,15,FA,Hungary,Remete-barlang,1/11/2018,15,,
Ledoborec,Adam Ondra,16,,Czech Republic,Moravský kras,05/24/2020,16,,
Lemento sit,Carlos Ruano,15,FA,Spain,Pedriza,03/30/2019,15,,
Livin Large,James Webb,15.5,,South Africa,Rocklands,7/7/2015,15,,
Livin Large,Nalle Hukkataival,15.5,FA,South Africa,Rocklands,08/14/2009,,,
Livin Large,Shawn Raboutou,15.5,,South Africa,Rocklands,10/08/2019,,,Shawn upgraded to 16
Loca,Shinichiro Nomura,15,FA,Japan,Shiobara,12/30/2021,15,,
Longue promesse,Antoine Girard,15,,France,pertuis,04/07/2021,15,,
Longue promesse,Nathan MICHEL,15,FA,France,pertuis,10/21/2020,15,,
Low Miall's,Yves Gravelle,15,FA,Canada,KANATA TREMBLANT,09/24/2021,15,,
Low priora,Alexey Rubtsov,15.5,,Russia,Djan-tugan,08/21/2021,16,,
Low priora,Vadim Timonov,15.5,FA,Russia,Djan-tugan,10/26/2020,16,,
Lucid Dreaming,Daniel Woods,15,,United States,Bishop,01/28/2014,15,,
Lucid Dreaming,James Webb,15,,United States,Bishop,01/07/2020,15,,
Lucid Dreaming,Paul Robinson,15,FA,United States,Bishop,03/30/2010,15,,
Lucid Dreaming,Alex Megos,15,,United States,Bishop,03/13/2015,,https://youtu.be/EdMsY5st2J8,
Lucid Dreaming,Toru Nakajima,15,,United States,Bishop,02.20/2017,,https://www.youtube.com/watch?v=1oPBOfakyMg,
Lurragorri,Markel Mendieta,15,FA,Spain,Araotz,04/27/2014,,,
Malediction assis,Clement Lechaptois,15,FA,France,Riouperoux,03/12/2018,,,
Mandragora,Shinichiro Nomura,15,,Japan,Shiobara,05/25/2021,15,,
"Marathon de Boissy, Le",Guillaume Glairon-Mondet,15,,France,Fontainebleau,12/30/2014,15,,
"Marathon de Boissy, Le",Jan hojer,15,FA,France,Fontainebleau,03/08/2014,15,,
Maria Singer,Toni Lamprecht,15,FA,Germany,Kochel,03/11/2004,15,,
Matriarch,James Webb,15,FA,United States,Rocktown,12/22/2015,15,,
Meadowlark Lemon,Dave Graham,15,,United States,Red Rock,01/08/2013,14,,
Meadowlark Lemon,Paul Robinson,15,FA,United States,Red Rock,1/12/2012,14,,
Mediomalomania,Pirmin Bertle,15,FA,Switzerland,Interlaken,11/04/2015,15,,
Megalodonte,Simone Tentori,15,,Italy,Val di Mello,04/17/2021,15,,
Metafizika,Jernej Kruder,15,FA,Slovenia,Jurkloster,09/26/2018,15,,
Methuselahzation,Dai Koyamada,15,FA,Unknown,Yatsue,02/08/2004,15,,
Metropolis,Michael Duffy,15,FA,Ireland,Lough Tay,01/01/2020,,,
Millenium assis,Elric Besnier,15,FA,France,Fontainebleau,02/04/2019,,,
Minimalomania,Alexander Rohr,15.5,,Switzerland,Interlaken,10/14/2020,16,,
Minimalomania,Pirmin Bertle,15.5,FA,Switzerland,Interlaken,01/29/2013,16,,
Misti,kevin LOPATA,15,,France,Fontainebleau,01/13/2016,11,,
Mona Lisa,Shinichiro Nomura,15,,Japan,Hourai,03/29/2020,14,,
Mona Lisa,Kazuma Ise,15,,Japan,Hourai,11/04/2020,14,,
Monkey Wedding,Adam Ondra,15,,South Africa,Rocklands,08/14/2011,15,,
Monkey Wedding,Aiden Roberts,15,,South Africa,Rocklands,08/13/2018,,,
Monkey Wedding,Alex Khazanov,15,,South Africa,Rocklands,07/06/2017,15,,
Monkey Wedding,Alex Megos,15,,South Africa,Rocklands,07/10/2017,,,Sent in 30 mins
Monkey Wedding,Charles Albert,15,,South Africa,Rocklands,07/16/2017,,https://www.youtube.com/watch?v=WWoTtjQi4y8,
Monkey Wedding,Daniel Woods,15,,South Africa,Rocklands,08/13/2012,15,,
Monkey Wedding,Dave Graham,15,,South Africa,Rocklands,09/08/2016,,https://www.island.io/efforts/2055254484,
Monkey Wedding,Frederic Nicole,15,FA,South Africa,Rocklands,01/01/2002,,,
Monkey Wedding,Giuliano Cameroni,15,,South Africa,Rocklands,08/27/2019,15,,
Monkey Wedding,James Webb,15,,South Africa,Rocklands,06/27/2019,15,,
Monkey Wedding,M ario,15,,South Africa,Rocklands,08/19/2019,15,,
Monkey Wedding,Nacho Sanchez,15,,South Africa,Rocklands,06/27/2015,,,
Monkey Wedding,Nalle Hukkataival,15,,South Africa,Rocklands,07/26/2016,,,
Monkey Wedding,Paul Robinson,15,,South Africa,Rocklands,08/24/2010,15,,
Monkey Wedding,Rasmus Holm Eskildsen,15,,South Africa,Rocklands,07/22/2019,15,,
Monkey Wedding,Shawn Raboutou,15,,South Africa,Rocklands,06/29/2016,,,
Monkey Wedding,Toby Saxton,15,,South Africa,Rocklands,08/21/2017,15,,
Monkey Wedding,Toshi Takeuchi,15,,South Africa,Rocklands,08/13/2018,15,,
Monkey Wedding,Vadim Timonov,15,,South Africa,Rocklands,07/24/2016,15,,
Montecore,Dai Koyamada,15,,Germany,Frankenjura,10/14/2007,15,,
Moonlight Sonata,Taylor McNeill,16,FA,United States,Joe's Valley,10/03/2021,16,,
Mystical Patatohead's Direct Edge,Alexander Feichter,15,FA,Italy,Gais,10/28/2016,15,,
Nayuta,Dai Koyamada,16,FA,Japan,Gero,04/12/2017,,,
Nehanna,Shinichiro Nomura,15,,Japan,Gero,12/24/2021,15,,
Nest,Daniel Woods,15,FA,United States,Red Rock,12/18/2013,15,,
Nest,James Webb,15,,United States,Red Rock,12/19/2013,15,,
Nest,John Brock,15,,United States,Red Rock,02/11/2021,15,,
Nest,Jon Glassberg,15,,United States,Red Rock,03/31/2021,15,,
Nest,Liam A-Biscuit,15,,United States,Red Rock,11/22/2020,15,,
Nest,M ario,15,,United States,Red Rock,1/25/2018,15,,
Nest,Matt Fultz,15,,United States,Red Rock,02/11/2021,15,,
Nest,Paul Robinson,15,,United States,Red Rock,12/24/2013,15,,
Nest,Peter Satt,15,,United States,Red Rock,02/11/2021,15,,
Nest,Facundo Langbehn,15,,United States,Red Rock,12/13/2017,,,
Nest,Ethan Pringle,15,,United States,Red Rock,07/11/2018,,,
Nest,Keenan Takahashi,15,,United States,Red Rock,02/02/2019,,,
Nest,Nalle Hukkataival,15,,United States,Red Rock,01/03/2015,,,
Netsuke,Frederic Nicole,15,FA,Switzerland,,06/10/2017,,,
New Chapter,Paul Robinson,15,FA,United States,Arkansas,03/20/2013,15,,
Nexus,Ryuichi Murai,16,FA,Japan,Shiobara,10/23/2021,16,,
No Additives sit,Griffin Whiteside,15,FA,United States,Joe's Valley,02/17/2018,,,post break
No Kpote Only,Ryohei Kameyama,15,Unknown Crag,France,Fontainebleau,03/09/2019,16/17,,
No Kpote Only,Charles Albert,15,FA,France,Fontainebleau,01/18/2019,17,,
No Kpote Only,Nico Pelorson,15,,France,Fontainebleau,01/01/2020,15,,
Noise vs Beauty,Daniel Woods,15,FA,South Africa,Rocklands,06/18/2015,15,,
Noise vs Beauty,Dave Graham,15,,South Africa,Rocklands,07/12/2018,,https://www.instagram.com/p/BlFn-oIHzph/?hl=en,
Noise vs Beauty,Moritz Perwitzschky,15,,South Africa,Rocklands,09/05/2018,,,
Noise vs Beauty,Nalle Hukkataival,15,,South Africa,Rocklands,08/10/2015,,https://www.facebook.com/hukkataival/videos/1131481686865384/,
Noise vs Beauty,Paul Robinson,15,,South Africa,Rocklands,07/07/2017,15,,
Noise vs Beauty,Vadim Timonov,15,,South Africa,Rocklands,7/17/2019,15,,
Nunavut,Adam Ondra,15,FA,Czech Republic,Moravský kras,11/14/2019,15,,
Obsesja,Lukasz Dudek,15,FA,Poland,Kusieta,11/27/2015,15,,
Ochimizu,Dai Koyamada,15.5,FA,Japan,,11/26/2020,,,
Off the Wagon Sit,Daniel Woods,16,,Switzerland,Valle Bavona,3/7/2020,16,,
Off the Wagon Sit,Giuliano Cameroni,16,,Switzerland,Valle Bavona,04/13/2021,16,,
Off the Wagon Sit,James Webb,16,,Switzerland,Valle Bavona,02/27/2020,16,,
Off the Wagon Sit,Sergei Topishko,16,,Switzerland,Valle Bavona,12/26/2021,16,,
Off the Wagon Sit,Yannick Flohé,16,,Switzerland,Valle Bavona,01/01/2022,16,,
Off the Wagon Sit,Shawn Raboutou,16,FA,Switzerland,Valle Bavona,02/05/2019,,https://www.youtube.com/watch?v=lOfpAd0St7Q,
Off the Wagon Sit,Simon Lorenzi,16,,Switzerland,Valle Bavona,11/26/2021,,,
Origin Sit,Eliot Stephens,15,FA,United Kingdom,Dinas rock,04/21/2021,15,,
Orochi,Alex Megos,15,,Japan,Kanoto,03/23/2015,,,
Orochi,Dai Koyamada,15,FA,Japan,Kanoto,11/22/2006,15,,
Orochi,Makoto Yamauchi,15,,Japan,Kanoto,10/31/2014,15,,
Orochi,Ryuichi Murai,15,,Japan,Kanoto,10/20/2015,15,,
Orochi,Shinichiro Nomura,15,,Japan,Kanoto,02/17/2018,15,,
Orochi,Toshi Takeuchi,15,,Japan,Kanoto,04/18/2015,15,,
Outer Limits,Carlo Traversi,15,,United States,Donner summit,05/10/2019,15,,
Outer Limits,James Webb,15,FA,United States,Donner summit,10/11/2017,15,,
Outer Limits,M ario,15,,United States,Donner summit,10/7/2020,15,,
Paint it Black,Austin Purdy,15,,United States,RMNP,11/10/2021,15,,
Paint it Black,Daniel Woods,15,FA,United States,RMNP,2/29/2012,15,,
Paint it Black,Dave Graham,15,,United States,RMNP,04/28/2012,15,,
Paint it Black,Fanny Dong,15,,United States,RMNP,05/18/2019,15,,
Paint it Black,Matt Fultz,15,,United States,RMNP,04/21/2019,15,,
Paint it Black,Nicholas Milburn,15,,United States,RMNP,12/24/2016,15,,
Paint it Black,Nick Bradley,15,,United States,RMNP,04/07/2021,15,,
Paint it Black,Paul Robinson,15,,United States,RMNP,4/18/2012,15,,
Paint it Black,Peter Satt,15,,United States,RMNP,03/17/2020,15,,
Paint it Black,T Chen,15,,United States,RMNP,03/07/2020,15,,
Paint it Black,Drew Ruana,15,,United States,RMNP,03/01/2020,,https://www.instagram.com/p/B9VjE0jjLVs/,
Paint it Black,Griffin Whiteside,15,,United States,RMNP,03/13/2018,,,
Paint it Black,Ian Dory,15,,United States,RMNP,03/26/2014,,,
Paint it Black,Toru Nakajima,15,,United States,RMNP,09/15/2015,,,
Papa Oso,Jorge diaz-rullo,15,,Spain,Torrelodones,01/19/2020,14,,
Papa Oso,Alberto Rocasolano,15,FA,Spain,Torrelodones,12/01/2017,,,
Papa Oso,Nacho Sanchez,15,,Spain,Torrelodones,06/15/2018,,https://www.youtube.com/watch?v=9DqL7HMhO2Y,
Paralisis Espastica,Cesar Quero,15,FA,Spain,Madrid,07/01/2017,15,,
Parzival,Dave Graham,15,FA,South Africa,Rocklands,08/28/2018,,https://www.instagram.com/p/BnCHfL7nXtj/?hl=en,
Parzival,James Webb,15,,South Africa,Rocklands,7/16/2019,15,,
Pata Ledovce,Adam Ondra,15,FA,Czech Republic,Holstejn,09/06/2011,15,,
Pata Ledovce,Martin Stranik,15,,Czech Republic,Moravský kras,3/21/2019,15,,
Pegasus,Matt Fultz,15,,United States,Joe's Valley,03/23/2021,15,,
Pegasus,Drew Ruana,15,1,United States,Joe's Valley,02/01/2020,,,
Pegasus,Sean Bailey,15,,United States,Joe's Valley,11/01/2020,,,
Pegasus,Daniel Woods,15,,United States,Joe's Valley,4/14/2021,15,,
Pegasus,Zach Galla,15,,United States,Joe's Valley,11/27/2021,15,,
Petrichor,Dave Graham,15,FA,South Africa,Rocklands,01/08/2021,,,
Petrichor,Vadim Timonov,15,,South Africa,Rocklands,07/10/2021,15,,
"Pied a Coulisse, Le",Charles Albert,15,,France,Fontainebleau,02/15/2016,,,
"Pied a Coulisse, Le",Nico Januel,15,,France,Fontainebleau,03/09/2019,,,
"Pied a Coulisse, Le",Guillaume Glairon-Mondet,15,FA,France,Fontainebleau,1/15/2016,16,,
"Pied a Coulisse, Le",James Webb,15,,France,Fontainebleau,02/15/2016,15,,
Pilier du Désert assis,Michiel Nieuwenhuijsen,15,FA,France,Fontainebleau,3/7/2021,15,,
Pipe Dream SD,Bern Schwaiger,15,FA,Austria,Innsbruck,02/09/2010,15,,
Pirate's Code,Daniel Woods,15,,South Africa,Three corners,08/02/2018,15,,
Pirate's Code,Paul Robinson,15,FA,South Africa,Three corners,7/16/2018,15,,
"Poinconneur des Lilas, Le",Franz Widmer,15,,Switzerland,Basler Jura,05/09/2008,,,
"Poinconneur des Lilas, Le",Frederic Nicole,15,FA,Switzerland,Basler Jura,01/01/2004,,,
Poison Well,Giuliano Cameroni,16,FA,Switzerland,Ticino,02/12/2019,16,,
Poison Well,James Webb,16,,Switzerland,Ticino,04/07/2020,16,,
Posledni mazoret,Rosta Stefanek,15,FA,Czech Republic,Labské Údolí,10/09/2007,15,,
Power of Now,Giuliano Cameroni,15,FA,Switzerland,Magic Wood,7/2/2020,15,,
Power of Now,James Squire,15,,Switzerland,Magic Wood,08/25/2020,15,,
Practice of the Wild,Anthony Gullsten,15,,Switzerland,Magic Wood,08/22/2014,,,
Practice of the Wild,Baptiste Ometz,15,,Switzerland,Magic Wood,10/01/2016,,,
Practice of the Wild,Dave Macleod,15,,Switzerland,Magic Wood,08/09/2016,,https://vimeo.com/168060878,
Practice of the Wild,David Firnenburg,15,,Switzerland,Magic Wood,04/17/2017,,https://www.instagram.com/p/BS8KyntAI9q/,
Practice of the Wild,Gabriele Moroni,15,,Switzerland,Magic Wood,05/07/2016,,,
Practice of the Wild,Nalle Hukkataival,15,,Switzerland,Magic Wood,06/13/2014,,https://vimeo.com/98173519,
Practice of the Wild,Vadim Timonov,15,,Switzerland,Magic Wood,10/02/2018,,,
Practice of the Wild,Adam Ondra,15,,Switzerland,Magic Wood,10/1/2011,15,,
Practice of the Wild,Alex Khazanov,15,,Switzerland,Magic Wood,09/09/2017,15,,
Practice of the Wild,Carlo Traversi,15,,Switzerland,Magic Wood,10/23/2012,15,,
Practice of the Wild,Chris Sharma,15,FA,Switzerland,Magic Wood,8/1/2004,15,,
Practice of the Wild,Daniel Woods,15,,Switzerland,Magic Wood,04/16/2011,15,,
Practice of the Wild,Giani Clement,15,,Switzerland,Magic Wood,05/23/2019,15,,
Practice of the Wild,James Webb,15,,Switzerland,Magic Wood,04/15/2014,15,,
Practice of the Wild,Martin Stranik,15,,Switzerland,Magic Wood,10/28/2014,15,,
Practice of the Wild,Ryuichi Murai,15,,Switzerland,Magic Wood,07/09/2017,15,,
Practice of the Wild,Toby Saxton,15,,Switzerland,Magic Wood,06/18/2019,15,,
Practice of the Wild,Toshi Takeuchi,15,,Switzerland,Magic Wood,08/15/2015,15,,
Practice of the Wild,Tyler Landman,15,,Switzerland,Magic Wood,09/26/2008,15,,
Practice of the Wild,William Bosi,15,,Switzerland,Magic Wood,09/27/2018,15,,
Primitivo,Jakob Schubert,15,,Switzerland,Valle Bavona,03/01/2021,,,
Primitivo,Daniel Woods,15,,Switzerland,Valle Bavona,03/05/2020,15,,
Primitivo,Giuliano Cameroni,15,,Switzerland,Valle Bavona,04/01/2019,15,,
Primitivo,James Webb,15,FA,Switzerland,Valle Bavona,05/16/2019,15,,
Primitivo,Martin Stranik,15,,Switzerland,Valle Bavona,2/8/2020,15,,
Primitivo,Nicolai Užnik,15,,Switzerland,Valle Bavona,03/16/2021,15,,
Process,Daniel Woods,16,FA,United States,Bishop,01/15/2015,16,,
Progressive Aggression,Chris Webb Parsons,15,FA,Australia,Crumbly,08/04/2008,15,,
Pučmeloun,Adam Ondra,15,FA,Czech Republic,Moravský kras,11/14/2019,14,,
PurpPanther,Pol Roca Lopez,15,FA,Spain,Taradell,1/12/2021,15,,
Quoi de Neuf,Antoine Maire,15,,France,Fontainebleau,10/06/2020,15,,
Quoi de Neuf,Coudert Camille,15,,France,Fontainebleau,5/22/2019,15,,
Quoi de Neuf,Jan hojer,15,,France,Fontainebleau,12/02/2017,15,,
Quoi de Neuf,killian chabrier,15,,France,Fontainebleau,03/27/2021,15,,
Quoi de Neuf,ludo Delmotte,15,,France,Fontainebleau,9/25/2020,15,,
Quoi de Neuf,Remy Bergasse,15,FA,France,Fontainebleau,09/29/2008,15,,
Quoi de Neuf,Alban Levier,15,,France,Fontainebleau,12/20/2015,,,
Quoi de Neuf,Jonas Winter,15,,France,Fontainebleau,03/22/2018,,,
Quoi de Neuf,Sebastien Bouin,15,,France,Fontainebleau,09/27/2015,,,
Raha,Masoud Ghasemi,15,,Iran,jasb,08/13/2016,15,,
Raha,Masoud Ghasemi,15,FA,Iran,jasb,07/31/2015,15,,
Railway,Matt Fultz,15,,United States,Boulder/CO,10/15/2019,15,,
Raison D'Ere,Si O'Conor,15,,Unknown,Cire Lagan,03/01/2006,15,,
REAL ABSURDISTAN,Toni Lamprecht,15,FA,Germany,Kochel,12/02/2019,15,,
Red Bottom Sky,Dave Graham,15,FA,South Africa,Rocklands,01/01/2017,,https://www.instagram.com/p/BbLVPztHU-j/,
Return of Sleepwalker,Daniel Woods,17,FA,United States,Red Rock,03/31/2021,17,,
"Revolutionnaire Extension, La",Ryohei Kameyama,16,,France,Fontainebleau,03/16/2019,16,,
"Revolutionnaire Extension, La",Charles Albert,16,FA,France,Fontainebleau,11/10/2017,,,
"Revolutionnaire, La",Charles Albert,15,FA,France,Fontainebleau,12/10/2016,,,
Road Sweet Home,Nalle Hukkataival,15,FA,Australia,Grampians,09/01/2014,,,
Roadkill,Clément Lechaptois,15,,Switzerland,Valle Bavona,12/6/2021,15,,
Roadkill,Dave Graham,15,,Switzerland,Valle Bavona,01/12/2021,,https://www.instagram.com/p/CXoYlaigA6l/,
Roadkill,James Webb,15,,Switzerland,Valle Bavona,04/07/2020,15,,
Roadkill,Kim Marschner,15,,Switzerland,Valle Bavona,03/10/2021,15,,
Roadkill,Shawn Raboutou,15,FA,Switzerland,Valle Bavona,04/06/2020,,,
Rokudo,Ryuichi Murai,15,,Japan,Toyamagawa,04/07/2021,15,,
Rokudo,Shinichiro Nomura,15,,Japan,Toyamagawa,03/31/2021,15,,
Rokudo,Dai Koyamada,15,FA,Japan,Toyamagawa,03/26/2016,,,
"Rustica, La",Daniel Woods,15,,Switzerland,Valle Bavona,05/06/2019,15,,
"Rustica, La",Giuliano Cameroni,15,,Switzerland,Valle Bavona,4/10/2021,15,,
"Rustica, La",Jernej Kruder,15,,Switzerland,Valle Bavona,12/16/2021,15,,
"Rustica, La",Sergei Topishko,15,,Switzerland,Valle Bavona,12/31/2021,15,,
"Rustica, La",Daniel Woods,15,,Switzerland,Valle Bavona,01/05/2019,,https://www.instagram.com/p/BxNaC_mllIj/,
"Rustica, La",Giuliano Cameroni,15,,Switzerland,Valle Bavona,04/01/2021,,https://www.youtube.com/watch?v=G7f79DBA-L8,
"Rustica, La",James Webb,15,FA,Switzerland,Valle Bavona,04/07/2013,15,,
"Rustica, La",Nalle Hukkataival,15,,Switzerland,Valle Bavona,10/01/2018,,https://www.instagram.com/p/BohemFcnrHi/,
Satan i Helvete (broken),Alban Levier,15,,France,Fontainebleau,02/25/2016,,,
Satan i Helvete (broken),Oriane Bertone,15,,France,Fontainebleau,05/27/2020,,,
Serenata,William Bosi,15,,United Kingdom,Maltby,09/03/2020,15,,
Serenata,Mike Adams,15,FA,United Kingdom,Maltby,02/22/2015,,,
Serenation,Mike Adams,15,FA,United Kingdom,Maltby,04/03/2017,,,
Shadowplay,John Gaskins,15,FA,United Kingdom,Lake District,01/01/2004,,,
shambala,Daisuke Ichimiya,15,,Japan,Toyota,12/31/2014,15,,
shambala,Shinichiro Nomura,15,,Japan,Toyota,12/14/2017,15,,
Sierra Madre,Alfons Dornauer,15,,Austria,Zillertal,5/29/2018,15,,
Sierra Madre,Christof Rauch,15,,Austria,Zillertal,11/24/2019,15,,
Sierra Madre,Jan-luca Posch,15,,Austria,Zillertal,10/08/2020,15,,
Sierra Madre,Michael Piccolruaz,15,,Austria,Zillertal,03/15/2020,15,,
Silver Lining,Andy Gullsten,15,FA,Finland,,04/17/2020,,,
Sleepwalker,Daniel Woods,16,,United States,Red Rock,01/16/2019,16,,
Sleepwalker,James Webb,16,FA,United States,Red Rock,01/23/2019,16,,
Sleepwalker,Matt Fultz,16,,United States,Red Rock,2/3/2021,16,,
Sleepwalker,Nathan Williams,16,,United States,Red Rock,12/27/2020,16,,
Sleepwalker,Drew Ruana,16,,United States,Red Rock,01/27/2020,,,
Sleepwalker,Nalle Hukkataival,16,,United States,Red Rock,02/03/2019,,,
Sleepy Rave,Dai Koyamada,15,FA,Australia,Grampians,04/15/2004,15,,
Sleepy Rave,James Kassay,15,,Australia,Grampians,11/3/2009,15,,
smile,Giuliano Cameroni,15,FA,South Africa,Rocklands,07/14/2018,15,,
So What,Yves Gravelle,15,FA,Canada,KANATA TREMBLANT,10/4/2021,15,,
Solitary daze,Clément Lechaptois,15,FA,Switzerland,Fionnay,09/29/2021,15,,
Sound of Silence,Bern Schwaiger,15,FA,Austria,Innsbruck,12/30/2016,15,,
Sound of Violence,Matt Fultz,15,FA,United States,Joe's Valley,03/27/2021,15,,
Southern drawl,Nicholas Milburn,15,,United States,Chattanooga,11/24/2020,15,,
Southern drawl,Taylor McNeill,15,,United States,Chattanooga,01/16/2019,15,,
Soyuz (low),Cesar Quero,15,,Spain,Madrid,12/26/2016,15,,
Soyuz (low),Jorge diaz-rullo,15,,Spain,Madrid,03/26/2019,8,,
Soyuz (low),Alberto Rocasolano,15,FA,Spain,Madrid,04/12/2013,,,
Spray of Light,Daniel Woods,15,FA,South Africa,Rocklands,7/12/2015,15,,
Spray of Light,Dave Graham,15,,South Africa,Rocklands,07/28/2015,15,,
Spray of Light,Giuliano Cameroni,15,,South Africa,Rocklands,08/25/2019,15,,
Spray of Light,James Squire,15,,South Africa,Rocklands,06/10/2019,15,,
Spray of Light,James Webb,15,,South Africa,Rocklands,08/21/2019,15,,
Spray of Light,Kim Marschner,15,,South Africa,Rocklands,08/30/2018,15,,
Spray of Light,Martin Mobraten,15,,South Africa,Rocklands,06/26/2018,,,
Spray of Light,Ryuichi Murai,15,,South Africa,Rocklands,09/17/2016,15,,
Spray of Light,Shawn Raboutou,15,,South Africa,Rocklands,07/01/2016,,,
Spray of Light,Thilo Jeldrik Schroeter,15,,South Africa,Rocklands,07/13/2018,15,,
Spray of Light,Toshi Takeuchi,15,,South Africa,Rocklands,8/1/2016,15,,
Spray of Light,Vadim Timonov,15,,South Africa,Rocklands,07/17/2021,15,,
Squoze,Carlo Traversi,15,,United States,Red Rock,3/9/2019,15,,
Squoze,Daniel Woods,15,,United States,Red Rock,01/16/2019,15,,
Squoze,James Webb,15,FA,United States,Red Rock,12/06/2018,15,,
Squoze,Taylor McNeill,15,,United States,Red Rock,03/19/2019,15,,
Squoze,Zach Galla,15,,United States,Red Rock,11/09/2019,15,,
"Stepping Stone, The",Nalle Hukkataival,15,FA,Australia,Grampians,09/21/2015,,,
Stil vor Talent,Christof Rauch,15,,Switzerland,Magic Wood,10/30/2021,15,,
Stil vor Talent,Stephan Vogt,15,,Switzerland,Magic Wood,06/15/2021,15,,
Story Of Two Worlds,Dai Koyamada,15,,Switzerland,Ticino,05/13/2010,,https://vimeo.com/43727285,sit
Story Of Two Worlds,Jakob Schubert,15,,Switzerland,Ticino,01/01/2020,,,
Story Of Two Worlds,Sebastian Cotting,15,,Switzerland,Ticino,02/08/2018,,https://vimeo.com/254718115,sit
Story Of Two Worlds,Toru Nakajima,15,,Switzerland,Ticino,03/13/2014,,,
Story Of Two Worlds,Alex Khazanov,15,,Switzerland,Ticino,01/03/2018,15,,
Story Of Two Worlds,Austin Purdy,15,,Switzerland,Ticino,01/01/2020,15,,
Story Of Two Worlds,Carlo Traversi,15,,Switzerland,Ticino,03/25/2013,15,,
Story Of Two Worlds,Dave Graham,15,FA,Switzerland,Ticino,01/09/2005,15,,
Story Of Two Worlds,Gabriele Moroni,15,,Switzerland,Ticino,02/18/2014,15,,
Story Of Two Worlds,Giani Clement,15,,Switzerland,Ticino,04/02/2019,15,,
Story Of Two Worlds,Giuliano Cameroni,15,,Switzerland,Ticino,2/9/2014,15,,
Story Of Two Worlds,James Webb,15,,Switzerland,Ticino,03/25/2014,15,,
Story Of Two Worlds,Jan hojer,15,,Switzerland,Ticino,4/11/2014,15,,
Story Of Two Worlds,Jernej Kruder,15,,Switzerland,Ticino,01/04/2013,15,,
Story Of Two Worlds,Leon Fraunholz,15,,Switzerland,Ticino,04/02/2019,15,,
Story Of Two Worlds,Luis Gert,15,,Switzerland,Ticino,03/24/2019,15,,
Story Of Two Worlds,Marco Müller,15,,Switzerland,Ticino,01/12/2022,15,,
Story Of Two Worlds,Martin Stranik,15,,Switzerland,Ticino,11/17/2015,15,,
Story Of Two Worlds,Michiel Nieuwenhuijsen,15,,Switzerland,Ticino,1/7/2020,15,,
Story Of Two Worlds,Paul Robinson,15,,Switzerland,Ticino,3/8/2011,15,,
Story Of Two Worlds,Paweł Jelonek,15,,Switzerland,Ticino,1/28/2018,15,,
Story Of Two Worlds,Samuel Ometz,15,,Switzerland,Ticino,12/27/2014,15,,
Story Of Two Worlds,Stefano Carnati,15,,Switzerland,Ticino,12/15/2019,15,,
Story Of Two Worlds,Vadim Timonov,15,,Switzerland,Ticino,12/25/2019,15,,
Story Of Two Worlds,Ryuichi Murai,15,,Switzerland,Ticino,11/30/2019,15,,
Story Of Two Worlds,Christof Rauch,15,,Switzerland,Ticino,01/28/2018,15,,low
Styrian Delirium,Christof Rauch,15,FA,Austria,Weststeiermark,05/21/2017,15,,
Super Blood Wolf Moon,Jorge diaz-rullo,15,,Spain,Cova de l'Ocell,06/06/2020,15,,
Super Blood Wolf Moon,Pol Roca Lopez,15,,Spain,Cova de l'Ocell,06/04/2019,15,,
Tekuté Štěstí,Adam Ondra,15,,Czech Republic,Moravský kras,06/24/2018,15,,
Tekuté Štěstí,Martin Stranik,15,FA,Czech Republic,Moravský kras,6/22/2018,15,,
Terminator,Masoud Ghasemi,15,FA,Iran,keshar e sofla,10/31/2018,15,,
Terminator,Ali Baratzabeh,15,,Iran,keshar e sofla,,,,
Terranova,Adam Ondra,16,FA,Czech Republic,Holstejn,11/10/2011,16,,
Terre de Sienne,Frederic Nicole,15,FA,United States,Hueco Tanks,12/01/2004,13,,
Terremer,Daniel Woods,15,,United States,Hueco Tanks,1/30/2010,15,,
Terremer,Frederic Nicole,15,FA,United States,Hueco Tanks,01/01/2006,15,,
Terremer,Paul Robinson,15,,United States,Hueco Tanks,1/1/2008,15,,
Terremer,Simon Parton,15,,United States,Hueco Tanks,12/16/2015,15,,
Terremer,Dan Beall,15,,United States,Hueco Tanks,01/22/2013,,,
Tonino 78,Antoine Vandeputte,15.5,,Italy,Meschia,05/07/2005,15,,
Tonino 78,Julien Nadiras,15.5,,Italy,Meschia,02/08/2012,,,
Tonino 78,Mauro Calibani,15.5,FA,Italy,Meschia,01/24/2004,16,,
Topaz,Daniel Woods,15,,United States,RMNP,10/13/2016,15,,
Topaz,Giuliano Cameroni,15,,United States,RMNP,05/24/2019,9,,
Topaz,Matt Fultz,15,,United States,RMNP,11/15/2019,9,,
Topaz,Paul Robinson,15,,United States,RMNP,10/23/2016,15,,
Topaz,Dave Graham,15,FA,United States,RMNP,10/14/2016,,,
Topaz,Griffin Whiteside,15,,United States,RMNP,04/12/2018,,,
Topaz,Sam Weir,15,,United States,RMNP,12/21/2019,,https://vimeo.com/235743730,
Total Blackout,Christof Rauch,15,FA,Austria,Innsbruck,04/25/2020,15,,
Toupie Carnivore assis,Guillaume Glairon-Mondet,15,FA,France,Fontainebleau,03/02/2014,15,,
Traffic,Paul Robinson,15,,United States,Scoop,06/11/2020,15,,
Traffic,Daniel Woods,15,,United States,Scoop,05/11/2020,15,,
Traffic,Matt Fultz,15,,United States,Scoop,07/15/2021,15,,
Trafic (en retour-aller),Jean-Pierre Bouvier,16,FA,France,Fontainebleau,07/01/2017,,,
Transdendenz,Thomas Willenberg,15,FA,Germany,Sachsen,02/15/2003,15,,
trave de arroita,Dani Andrada,15,,Spain,Baltzola,06/09/2006,15,,
trave de arroita.,Dani Andrada,16,FA,Spain,Baltzola,6/12/2006,16,,
Triangular face,Vadim Timonov,15,FA,Russia,Triangular lake,07/09/2017,15,,
Trinity,Jorge diaz-rullo,15,,Spain,Peixcave,01/17/2021,15,,
Trinity,Alberto Rocasolano,15,FA,Spain,Peixcave,09/01/2017,,,
Trip Hop,Guillaume Glairon-Mondet,15,,France,Fontainebleau,02/07/2013,15,,
Trip Hop,Jan hojer,15,,France,Fontainebleau,10/31/2013,15,,
Trip Hop,Paul Robinson,15,,France,Fontainebleau,2/7/2011,15,,
Trip Hop,Sebastien Frigault,15,FA,France,Fontainebleau,5/1/2003,15,,
Trip Hop,Thomas Willenberg,15,,France,Fontainebleau,02/07/2011,,,
Ulls de Bruixa,William Bosi,15,FA,Spain,Siurana,02/11/2021,15,,
Uma,Dai Koyamada,15,FA,Japan,Shiobara,05/26/2005,14,,
Underclass poem,Pirmin Bertle,15,FA,Switzerland,Cousimbert,02/04/2015,15,,
Underground Asylum lvl 2,Hiram Hafid,15,FA,Mexico,El Oasis,2/20/2021,15,,
Understanding,Clément Lechaptois,15,,Switzerland,Magic Wood,11/11/2020,15,,
Understanding,James Webb,15,,Switzerland,Magic Wood,4/10/2014,15,,
Understanding,Vadim Timonov,15,,Switzerland,Magic Wood,10/07/2018,15,,
Understanding,Nalle Hukkataival,15,FA,Switzerland,Magic Wood,01/01/2013,,http://www.epictv.com/media/podcast/jimmy-webb-beasts-the-understanding-v158c-in-single-session-%7C-epictv-climbing-daily-ep-261/276244?b=1,
Undertaker,Matt Fultz,15,,United States,Scoop,07/11/2021,15,,
United,Ryuichi Murai,16,FA,Japan,Mizugaki,11/07/2019,16,,
Upgrade U,Alex Megos,15,FA,Germany,Frankenjura,07/09/2020,,,
Vanitas,Dai Koyamada,15,FA,Japan,Hourai,02/10/2014,,,
Vanitas,Daisuke Ichimiya,15,,Japan,Hourai,03/28/2016,15,,
Vanitas,Kazuma Ise,15,,Japan,Hourai,02/28/2021,15,,
Vanitas,Ryuichi Murai,15,,Japan,Hourai,03/28/2016,15,,
Vanitas,Shinichiro Nomura,15,,Japan,Hourai,01/14/2021,15,,
Variant,Everett Sloane,15,,United States,Lincoln Lake,08/09/2021,15,,
Variant,Drew Ruana,15,1,United States,Lincoln Lake,07/12/2021,,,
Virgo,James Webb,15,FA,United States,Tahoe,10/24/2019,15,,
Viva evolution,Bernd Zangerl,15,FA,Austria,Flirsch,09/24/2002,15,,
Voluptueuse Fantaisie,Cesar Quero,15,,France,Fontainebleau,09/11/2017,15,,
"Voyage de Zhong Kui (aller-retour), Le",Jean-Pierre Bouvier,16,FA,France,Fontainebleau,03/23/2011,,,
Vrtule,Adam Ondra,15,FA,Czech Republic,Holstejn,10/13/2017,15,,
Walk away sd,John Gaskins,15,FA,United Kingdom,Fairy steps,10/15/2002,15,,
Warp Speed,Matt Fultz,15,FA,United States,Castle Rocks,04/02/2021,15,,
Warrior,Martin Stranik,15,FA,Czech Republic,Labské Údolí,02/13/2021,15,,
Warrior Up,Dave Graham,15,,United States,Boulder/CO,09/04/2010,14,,
Warrior Up,Michael O'Rourke,15,,United States,Boulder/CO,10/3/2013,14,,
Wheel Of Life,Alex Barrows,15,,Australia,Grampians,6/6/2016,,,
Wheel Of Life,Alex Megos,15,,Australia,Grampians,07/16/2013,,https://vimeo.com/77530492,
Wheel Of Life,Benjamin Cossey,15,,Australia,Grampians,10/30/2011,,,
Wheel Of Life,Chris Webb Parsons,15,,Australia,Grampians,10/13/2007,15,,
Wheel Of Life,Dai Koyamada,15,FA,Australia,Grampians,05/12/2004,16,,
Wheel Of Life,Daniel Woods,15,,Australia,Grampians,07/01/2013,,https://vimeo.com/71856230,
Wheel Of Life,Dave Graham,15,,Australia,Grampians,06/01/2012,,,
Wheel Of Life,Ethan Pringle,15,,Australia,Grampians,06/24/2010,,https://vimeo.com/27222226,
Wheel Of Life,Ian Dory,15,,Australia,Grampians,06/05/2012,,https://vimeo.com/45097582,
Wheel Of Life,James Kassay,15,,Australia,Grampians,09/07/2011,16,,
Wheel Of Life,Thomas O'Halloran,15,,Australia,Grampians,10/31/2017,,https://vimeo.com/239218628,
Wheel of Life Direct,James Kassay,15.5,FA,Australia,Grampians,09/10/2012,16,,
Wheel of Life Direct,Jorg Verhoeven,15.5,,Australia,Grampians,11/04/2015,,https://www.youtube.com/watch?v=AAjl5RmPqjQ,
Wheel of Wolvo,Daniel Woods,15,,United States,Lincoln Lake,09/09/2013,15,,
Wheel of Wolvo,Dave Graham,15,,United States,Lincoln Lake,09/17/2013,15,,
Wheel of Wolvo,James Webb,15,FA,United States,Lincoln Lake,09/05/2013,15,,
Wheel of Wolvo,Griffin Whiteside,15,,United States,Lincoln Lake,06/11/2017,,,
Wheel of Wolvo,Matt Fultz,15,,United States,Lincoln Lake,08/24/2016,,https://www.instagram.com/p/BJrSUQggNM_/,
Whiplash,Alexey Rubtsov,15,FA,Russia,Lietlahti Park,10/26/2017,15,,
Whiplash,Artem Petrakov,15,,Russia,Lietlahti Park,05/20/2018,15,,
Whiplash,Vadim Timonov,15,,Russia,Lietlahti Park,09/10/2021,15,,
Whirlwind,Bern Schwaiger,15,FA,Austria,Innsbruck,10/26/2010,15,,
White Noise,Dave Graham,15,,United States,RMNP,10/07/2012,14,,
White Noise,James Webb,15,,United States,RMNP,7/8/2021,14,,
White Noise,Paul Robinson,15,,United States,RMNP,11/11/2013,14,,
Wings of an Eagle,Bern Schwaiger,15,FA,Austria,Innsbruck,5/24/2020,15,,
Wintertime love,Pirmin Bertle,15,FA,Switzerland,Cousimbert,02/08/2015,15,,
Witchcraft,Nicolai Užnik,15,FA,Austria,Villach,12/23/2020,15,,
Witness the Fitness (broken),Daniel Woods,15,,United States,Ozark Mountains,01/08/2013,15,,
Witness the Fitness (broken),Chris Sharma,15,FA,United States,Ozark Mountains,03/01/2005,,,
Witness the Fitness (broken),Frederic Nicole,15,,United States,Ozark Mountains,01/05/2007,,,
World Is Yours,James Squire,15,FA,United Kingdom,Biblins Cave,08/27/2018,15,,
Wrath of the Lichking,Alex Megos,15,,Germany,Frankenjura,,,,
Wrath of the Lichking,Felix Knaub,15,FA,Germany,Frankenjura,12/02/2012,,,
Yocuto,Dai Koyamada,15,FA,Japan,Gero,10/31/2017,,,
Zephyr,Bern Schwaiger,15,FA,Austria,Großarltal,03/14/2015,15,,
Ziqqurat,Elias Iagnemma,15,,Italy,Gaby,10/24/2021,15,,
Ziqqurat,Gabriele Moroni,15,,Italy,Gaby,09/28/2017,15,,
Ziqqurat,Marcello Bombardi,15,,Italy,Gaby,11/23/2021,15,,
Ziqqurat,Niccolo Ceria,15,FA,Italy,Gaby,12/07/2015,15,,
Zunami,Bern Schwaiger,15,FA,Austria,Innsbruck,12/06/2003,15,,
Zunami,Christof Rauch,15,,Austria,Innsbruck,11/4/2017,15,,
Zunami,David Kompatscher,15,,Austria,Innsbruck,11/27/2020,15,,
Zunami,Tamas Zupan,15,,Austria,Innsbruck,05/11/2016,15,,
Zunami,Florian Schmalzl,15,,Austria,Innsbruck,04/02/2014,,,
Zunami,Hermann Schwaiger,15,,Austria,Innsbruck,01/01/2004,,,
Zunami,Klem Loskot,15,,Austria,Innsbruck,01/14/2013,,https://www.youtube.com/watch?v=MCn9s8qDMbM,